id;nome;categoria;distrito;bairro;endereco;cep;predio_sala;telefone;email;lat;lon;hub_id;hub_nome;horario_funcionamento;descricao;precisao_gps
rec_1;FUNDEC – FUNDAÇÃO DE APOIO À ESCOLA TÉCNICA, TECNOLOGIA, ESPORTE, LAZER, CULTURA E POLÍTICAS SOCIAIS DE DUQUE DE CAXIAS;Secretarias e Órgãos;1;Parque Duque;Av. Brigadeiro Lima e Silva, 131 – Parque Duque – Duque de Caxias – RJ – CEP 25.085-131;25.085-131;;(21) 2773-5500;contato@fundec.rj.gov.br;-22.800674;-43.292367;hub_2;Edifício Barão de Mauá / Polo Parque Duque;Segunda a sexta-feira, das 09h às 17h;Equipamento público oficial da Prefeitura Municipal de Duque de Caxias vinculado ao setor de Secretarias e Órgãos.;EXATA_ROOFTOP
rec_2;IPMDC – INSTITUTO DE PREVIDÊNCIA DOS SERVIDORES PÚBLICOS DO MUNICÍPIO DE DUQUE DE CAXIAS;Secretarias e Órgãos;2;Jardim Primavera;Avenida Jornalista Moacir Padilha, S/N (em frente à Praça Benzo de Cavour) — Jardim Primavera;25215-285;;WhatsApp: (21) 3257-6000;ipmdc@duquedecaxias.rj.gov.br;-22.7854;-43.3118;;;Segunda a sexta, das 8h às 17h;O IPMDC é a autarquia responsável por gerir a previdência social dos servidores públicos municipais de Duque de Caxias, garantindo a concessão e manutenção dos benefícios de aposentadoria e pensão.;APROXIMADA
rec_3;OUVIDORIA GERAL DO MUNICÍPIO (OGMDC);Secretarias e Órgãos;2;Jardim Primavera;Alameda Esmeralda, 206 – Jardim Primavera – Duque de Caxias – RJ – CEP 25.215-260;25.215-260;;(21) 2652-3835;ouvidoria@duquedecaxias.rj.gov.br;-22.685413;-43.28418;hub_1;Centro Cívico / Paço Municipal (Prefeitura);Segunda a sexta-feira, das 09h às 17h;Equipamento público oficial da Prefeitura Municipal de Duque de Caxias vinculado ao setor de Secretarias e Órgãos.;EXATA_ROOFTOP
rec_4;PROCURADORIA-GERAL DO MUNICÍPIO (PGM);Secretarias e Órgãos;1;Jardim 25 de Agosto;Praça Roberto Silveira, n° 31, 3° andar - Jardim 25 de Agosto;25071-210;;(21) 2672-8889;gabineteadm.pgmdc@gmail.com;-22.789677;-43.307825;hub_12;Polo Cívico e Histórico da 25 de Agosto;Segunda a sexta-feira;A Procuradoria Geral do Município (PGM) é o órgão gestor do Sistema Jurídico Municipal, responsável pela defesa judicial e extrajudicial do Município, pela consultoria jurídica dos órgãos municipais, bem como pela inscrição e cobrança da dívida ativa municipal, objetivando assegurar a prevalência do interesse público.;EXATA_ROOFTOP
rec_5;SECRETARIA MUNICIPAL DE ADMINISTRAÇÃO (SMA);Secretarias e Órgãos;2;Jardim Primavera;Alameda Esmeralda, 206 – Jardim Primavera – Duque de Caxias – RJ – CEP 25.215-260;25.215-260;;(21) 2772-7200;sma@duquedecaxias.rj.gov.br;-22.685413;-43.28418;hub_1;Centro Cívico / Paço Municipal (Prefeitura);Segunda a sexta-feira, das 09h às 17h;Equipamento público oficial da Prefeitura Municipal de Duque de Caxias vinculado ao setor de Secretarias e Órgãos.;EXATA_ROOFTOP
rec_6;SECRETARIA MUNICIPAL DE ARTICULAÇÃO INSTITUCIONAL;Secretarias e Órgãos;2;Jardim Primavera;Alameda Esmeralda, 206 – Jardim Primavera – Duque de Caxias – RJ – CEP 25.215-260;25.215-260;;(21) 2772-7200;gabinete@duquedecaxias.rj.gov.br;-22.685413;-43.28418;hub_1;Centro Cívico / Paço Municipal (Prefeitura);Segunda a sexta-feira, das 09h às 17h;Equipamento público oficial da Prefeitura Municipal de Duque de Caxias vinculado ao setor de Secretarias e Órgãos.;EXATA_ROOFTOP
rec_7;SECRETARIA MUNICIPAL DE ASSISTÊNCIA SOCIAL E DIREITOS HUMANOS (SEASDIH);Secretarias e Órgãos;1;Jardim 25 de Agosto;Av. Brigadeiro Lima e Silva, 1618 – Jd. 25 de Agosto;25071-182;;(21) 2672-6652;gabinete.seasdih@duquedecaxias.rj.gov.br;-22.791998;-43.302987;hub_12;Polo Cívico e Histórico da 25 de Agosto;Segunda a sexta-feira, das 8h às 17h;A Secretaria Municipal de Assistência Social e Direitos Humanos é responsável...;EXATA_ROOFTOP
rec_8;SECRETARIA MUNICIPAL DE COMUNICAÇÃO SOCIAL E RELAÇÕES PÚBLICAS;Secretarias e Órgãos;2;Jardim Primavera;Alameda Esmeralda, 206 – Jardim Primavera – Duque de Caxias – RJ – CEP 25.215-260;25.215-260;;(21) 2652-3835;imprensa@duquedecaxias.rj.gov.br;-22.685413;-43.28418;hub_1;Centro Cívico / Paço Municipal (Prefeitura);Segunda a sexta-feira, das 09h às 17h;Equipamento público oficial da Prefeitura Municipal de Duque de Caxias vinculado ao setor de Secretarias e Órgãos.;EXATA_ROOFTOP
rec_9;SECRETARIA MUNICIPAL DE CULTURA E TURISMO (SMCT);Secretarias e Órgãos;1;Centro;Praça do Pacificador, S/N (Raul Cortez) - Centro - Duque de Caxias - RJ;25010-230;;(21) 2771-8682;adm@smct.duquedecaxias.rj.gov.br;-22.787881;-43.310379;hub_12;Polo Cívico e Histórico da 25 de Agosto;Segunda a Sexta, 09:00 às 17:00;A Secretaria Municipal de Cultura e Turismo tem a função...;LOGRADOURO_CENTRO
rec_10;SECRETARIA MUNICIPAL DE DEFESA CIVIL (SMDC);Secretarias e Órgãos;1;Parque Duque;Rua Silva Fernandes, 170 – Parque Duque – Duque de Caxias – RJ – CEP 25.085-015;25.085-015;;0800 023 0199 / 199 / (21) 2699-4207;sesdec.dc@gmail.com;-22.798989;-43.294264;hub_2;Edifício Barão de Mauá / Polo Parque Duque;Segunda a sexta-feira, das 09h às 17h;Equipamento público oficial da Prefeitura Municipal de Duque de Caxias vinculado ao setor de Secretarias e Órgãos.;EXATA_ROOFTOP
rec_11;SECRETARIA MUNICIPAL DE EDUCAÇÃO (SMEDC);Secretarias e Órgãos;1;25 de Agosto;Rua Prefeito José Carlos Lacerda, n° 1424 – 25 de Agosto;25071-120;;(21) 2671-6612;assessoriadecomunicacao@smeduquedecaxias.rj.gov.br;-22.787849;-43.30906;hub_12;Polo Cívico e Histórico da 25 de Agosto;Segunda a Sexta, 08:00 às 17:00;Responsável pela gestão das escolas municipais...;EXATA_ROOFTOP
rec_12;SECRETARIA MUNICIPAL DE ESPORTES E LAZER (SMEL);Secretarias e Órgãos;1;Jardim Vinte e Cinco de Agosto;Rua Garibaldi, S/N — Jardim Vinte e Cinco de Agosto;25075-080;;(21) 2652-7428;smel@duquedecaxias.rj.gov.br;-22.795236;-43.302043;hub_12;Polo Cívico e Histórico da 25 de Agosto;Segunda a Sexta, 08:00 às 17:00;A Secretaria Municipal de Esporte e Lazer (SMEL) visa planejar...;LOGRADOURO_CENTRO
rec_13;SECRETARIA MUNICIPAL DE EVENTOS (Incorporada);Secretarias e Órgãos;1;25 de Agosto;Rua Major Frazão, 52 – Jardim 25 de Agosto – Duque de Caxias – RJ – CEP 25.071-210;25.071-210;;(21) 2772-7200;gabinete@duquedecaxias.rj.gov.br;-22.789127;-43.30666;hub_12;Polo Cívico e Histórico da 25 de Agosto;Segunda a sexta-feira, das 09h às 17h;Equipamento público oficial da Prefeitura Municipal de Duque de Caxias vinculado ao setor de Secretarias e Órgãos.;EXATA_ROOFTOP
rec_14;SECRETARIA MUNICIPAL DE FAZENDA (SMF);Secretarias e Órgãos;2;Jardim Primavera;Alameda Esmeralda, 206 – Jardim Primavera – Duque de Caxias – RJ – CEP 25.215-260;25215-260;;(21) 2773-6235 / (21) 2773-6241 / (21) 2672-8914;smf@duquedecaxias.rj.gov.br;-22.685413;-43.28418;hub_1;Centro Cívico / Paço Municipal (Prefeitura);Segunda a sexta-feira, das 9h às 17h;A Secretaria Municipal de Fazenda é responsável...;EXATA_ROOFTOP
rec_15;SECRETARIA MUNICIPAL DE GESTÃO, INCLUSÃO E MULHER;Secretarias e Órgãos;1;Parque Santa Marta;Rua Marta de Souza Renha, 9 – Parque Santa Marta – Duque de Caxias – RJ – CEP 25.085-190;25.085-190;;(21) 2772-7200;gestaoeinclusaodc@gmail.com;-22.794805;-43.289417;;;Segunda a sexta-feira, das 09h às 17h;Equipamento público oficial da Prefeitura Municipal de Duque de Caxias vinculado ao setor de Secretarias e Órgãos.;EXATA_ROOFTOP
rec_16;SECRETARIA MUNICIPAL DE GOVERNO (SEGOV);Secretarias e Órgãos;2;Jardim Primavera;Alameda Esmeralda, 206 – Jardim Primavera – Duque de Caxias – RJ – CEP 25.215-260;25225-210;;(21) 2772-7200;segov@duquedecaxias.rj.gov.br;-22.685413;-43.28418;hub_1;Centro Cívico / Paço Municipal (Prefeitura);Segunda a Sexta, 08:00 às 17:00;Coordena as atividades de governo...;EXATA_ROOFTOP
rec_17;SECRETARIA MUNICIPAL DE MEIO AMBIENTE (SMMA);Secretarias e Órgãos;2;Centro;Alameda James Franco, 03 – Jardim Primavera;25215-265;;(21)2776-1141;smma@duquedecaxias.rj.gov.br;-22.770492;-43.323881;hub_6;Polo Integrado Jardim Primavera — Alameda James Franco;Segunda a Sexta, 08:00 às 17:00;Cuida da gestão ambiental do município...;EXATA_ROOFTOP
rec_18;SECRETARIA MUNICIPAL DE OBRAS E AGRICULTURA (SMOAG);Secretarias e Órgãos;2;Jardim Primavera;Avenida Primavera 78 - Jardim Primavera;25215-255;;(21) 2773-6150;obraspmdc@gmail.com;-22.689412;-43.26346;hub_1;Centro Cívico / Paço Municipal (Prefeitura);Segunda a Sexta, 08:00 às 17:00;Responsável pela execução e manutenção de obras públicas...;EXATA_ROOFTOP
rec_19;SECRETARIA MUNICIPAL DE PROTEÇÃO ANIMAL (SMPA);Secretarias e Órgãos;2;Vila Sarapuí;Avenida República do Paraguai, Lote 3 - Vila Sarapuí;25050-100;;21 99837-6831;smpa@duquedecaxias.rj.gov.br;-22.751296;-43.303871;hub_7;Polo Integrado Jardim Primavera — Bartolomeu Gusmão;Segunda a sexta-feira, das 8h às 17h;A Secretaria Municipal de Proteção Animal é responsável...;EXATA_ROOFTOP
rec_20;SECRETARIA MUNICIPAL DE SAÚDE (SMS);Secretarias e Órgãos;2;Jardim Primavera;Alameda James Franco, 03 - Jardim Primavera;25215-260;;(21) 2773-6309 / (21) 2773-6315;smsdc@duquedecaxias.rj.gov.br;-22.770492;-43.323881;hub_6;Polo Integrado Jardim Primavera — Alameda James Franco;Segunda a Sexta, 08:00 às 17:00;Coordena as políticas públicas de saúde do município...;EXATA_ROOFTOP
rec_21;SECRETARIA MUNICIPAL DE SEGURANÇA PÚBLICA (SMSP);Secretarias e Órgãos;1;Parque Duque;Rua Silva Fernandes, 275 - Parque Duque - Duque de Caxias;25085-015;;(21) 2775-8808;gabinete.smps@gmail.com;-22.798182;-43.29495;hub_12;Polo Cívico e Histórico da 25 de Agosto;Segunda a Sexta, 08:00 às 17:00;A Secretaria de Segurança Pública tem como missão...;EXATA_ROOFTOP
rec_22;SECRETARIA MUNICIPAL DE TRABALHO, EMPREGO E RENDA (SMTER);Secretarias e Órgãos;1;25 de Agosto;Rua Major Frazão, 52 – Jardim 25 de Agosto – Duque de Caxias – RJ – CEP 25.071-210;25.071-210;Gabinete SMTER;(21) 2772-7200;smter.gabinete@duquedecaxias.rj.gov.br;-22.789127;-43.30666;hub_12;Polo Cívico e Histórico da 25 de Agosto;Segunda a sexta-feira, das 09h às 17h;Equipamento público oficial da Prefeitura Municipal de Duque de Caxias vinculado ao setor de Secretarias e Órgãos.;EXATA_ROOFTOP
rec_23;SECRETARIA MUNICIPAL DE TRANSPORTES E SERVIÇOS PÚBLICOS (SMTSP);Secretarias e Órgãos;1;25 de Agosto;Major Frazão 181 - 4° Andar - 25 de Agosto;25071.210;;(21) 2671-7600;smtsp@gmail.com;-22.789537;-43.30672;hub_12;Polo Cívico e Histórico da 25 de Agosto;Segunda a Sexta, 08:00 às 17:00;Gerencia o sistema de transporte público municipal...;EXATA_ROOFTOP
rec_24;SECRETARIA MUNICIPAL DE URBANISMO (SMU);Secretarias e Órgãos;2;Jardim Primavera;Al. Bartolomeu Gusmão, antiga Rua Luiza Arruda nº 85 - Bairro Jardim Primavera;25215-320;;(21) 2672-6682;semuh@duquedecaxias.rj.gov.br;-22.609897;-43.189749;hub_7;Polo Integrado Jardim Primavera — Bartolomeu Gusmão;Segunda a Sexta, 08:00 às 17:00;A Secretaria de Urbanismo tem por finalidade...;EXATA_ROOFTOP
rec_25;Centro de Referência e Atenção Especializada à Saúde da Mulher (CRAESM);Saúde Especializada / Hospitalar;4;Xerém;Rua Vinte e Cinco de Agosto, 01 - Xerém – Duque de Caxias – RJ;25250-000;;(21) 3658-4184 / 3658-4203;saude@duquedecaxias.rj.gov.br;-22.602491;-43.303637;;;Segunda a sexta-feira, das 09h às 17h;Unidade de saúde especializada na atenção integral à saúde da mulher, oferecendo consultas, exames preventivos, mamografias e acompanhamento ginecológico e obstétrico especializado.;EXATA_ROOFTOP
rec_26;Centro Municipal de Saúde de Duque de Caxias (CMSDC);Saúde Especializada / Hospitalar;1;Centro;Rua General Gurjão, s/nº - Centro – Duque de Caxias – RJ;25011-090;;(21) 2671-7659 / 2771-4682;saude@duquedecaxias.rj.gov.br;-22.785991;-43.311915;;;Segunda a sexta-feira, das 09h às 17h;Um dos principais centros de especialidades médicas do município, oferecendo consultas com médicos especialistas, exames diagnósticos e programas de saúde pública.;APROXIMADA
rec_27;Hospital Municipal São José - CORAÇÃO;Saúde Especializada / Hospitalar;1;Vila Flavia;Rua Nobre de Lacerda, 36 - Vila Flavia – Duque de Caxias – RJ;25010-260;;N/A;saude@duquedecaxias.rj.gov.br;-22.789512;-43.315583;;;Atendimento 24 Horas Ininterrupto;Hospital de referência cardiológica e atendimento de alta complexidade em cardiologia no município de Duque de Caxias.;EXATA_ROOFTOP
rec_28;Hospital Municipal Do Olho Júlio Cândido de Brito;Saúde Especializada / Hospitalar;1;Dr. Lauriano;Rua Doutor Lauriano, nº 1145;25060-220;;N/A;saude@duquedecaxias.rj.gov.br;-22.767229;-43.296506;;;Atendimento 24 Horas Ininterrupto;Referência em oftalmologia no estado, realizando desde consultas básicas até cirurgias complexas de catarata, glaucoma e transplantes de córnea.;EXATA_ROOFTOP
rec_29;Hospital Infantil Ismélia da Silveira;Saúde Especializada / Hospitalar;1;Centro;Avenida Presidente Kennedy, s/nº - Centro – Duque de Caxias – RJ;25010-009;;(21) 2671-7477 / 2671-7702;saude@duquedecaxias.rj.gov.br;-22.79323;-43.305879;;;Atendimento 24 Horas Ininterrupto;Hospital pediátrico municipal voltado ao atendimento de urgência, emergência e internação de crianças, prestando serviços essenciais 24 horas por dia.;APROXIMADA
rec_30;Hospital Infantil de Parada Angélica Padre Guilherme;Saúde Especializada / Hospitalar;3;Parada Angélica;Rua Evaristo de Morais, s/n – Parada Angélica;25272-560;;N/A;saude@duquedecaxias.rj.gov.br;-22.618175;-43.203547;;;Atendimento 24 Horas Ininterrupto;Unidade hospitalar infantil que atende as demandas de urgência e internação pediátrica da região de Parada Angélica e arredores.;LOGRADOURO_CENTRO
rec_31;Hospital Municipal Dr. Moacyr Rodrigues do Carmo;Saúde Especializada / Hospitalar;1;Parque Beira Mar;Rodovia Washington Luiz, 3200 – Beira Mar – Duque de Caxias – RJ;25065-000;;(21) 2773-0000;saude@duquedecaxias.rj.gov.br;-22.782973;-43.285809;hub_3;Complexo Hospitalar Beira Mar;24 horas;Hospital geral de urgência e emergência.;EXATA_ROOFTOP
rec_32;Hospital Adão Pereira Nunes – HMAPN;Saúde Especializada / Hospitalar;2;Jardim Primavera;Rodovia Washington Luiz, s/n, km 109 - Jardim Primavera;25225-015;;(21) 2777-9070;saude@duquedecaxias.rj.gov.br;-22.68504;-43.2851;;;Atendimento 24 Horas Ininterrupto;Hospital de referência estadual e municipal para grandes traumas, queimados e neurocirurgia de emergência.;LOGRADOURO_CENTRO
rec_33;Policlínica Hospital Duque de Caxias;Saúde Especializada / Hospitalar;1;Parque Senhor do Bonfim;Rua Manoel Lucas, s/nº - Parque Senhor do Bonfim – Duque de Caxias;25025-240;;(21) 3652-4012;saude@duquedecaxias.rj.gov.br;-22.780391;-43.32151;hub_1;Centro Cívico / Paço Municipal (Prefeitura);Atendimento 24 Horas Ininterrupto;Unidade ambulatorial e hospitalar voltada ao atendimento clínico, especialidades médicas diversas e pequenas cirurgias.;LOGRADOURO_CENTRO
rec_34;Maternidade Municipal Santa Cruz da Serra;Saúde Especializada / Hospitalar;3;Santa Cruz da Serra;Avenida Automóvel Clube, esquina com a Rua Alagoas, lote 25, Quadra A, Loteamento Vila Santa Cruz – Duque de Caxias – RJ;25240-000;;N/A;saude@duquedecaxias.rj.gov.br;-22.622034;-43.229148;;;Atendimento 24 Horas Ininterrupto;Maternidade de ponta e unidade especializada em Obstetrícia, focada no atendimento a Gestantes de Risco Habitual e Baixo Risco.;LOGRADOURO_CENTRO
rec_35;Centro de Fisioterapia Pastor Norival Franco (Xerém);Saúde Especializada / Hospitalar;4;Xerém;Av. Pastor Manoel Avelino de Souza, 27 - Xerém – Duque de Caxias – RJ;25250-000;;N/A;saude@duquedecaxias.rj.gov.br;-22.608653;-43.283754;;;Segunda a sexta-feira, das 09h às 17h;Centro especializado no tratamento de reabilitação motora, fisioterapia ortopédica, neurológica e respiratória.;EXATA_ROOFTOP
rec_36;UPA Infantil Walter Garcia;Saúde Especializada / Hospitalar;1;Centro;Avenida Presidente Kennedy, s/nº - Centro – Duque de Caxias – RJ;25010-009;;(21) 2772-8301 / 2782-2152;saude@duquedecaxias.rj.gov.br;-22.793222;-43.305969;;;Atendimento 24 Horas Ininterrupto;Unidade de Pronto Atendimento Infantil 24h dedicada a urgências e emergências pediátricas com equipe médica especializada.;APROXIMADA
rec_37;UPA Parque Beira Mar;Saúde Especializada / Hospitalar;1;Parque Beira Mar;Av. Brigadeiro Lima e Silva, S/N;25071-180;;N/A;saude@duquedecaxias.rj.gov.br;-22.732108;-43.304279;hub_3;Complexo Hospitalar Beira Mar;24 horas;Unidade de Pronto Atendimento 24h para emergências adultas, localizada estrategicamente ao lado do Hospital Dr. Moacyr Rodrigues do Carmo.;APROXIMADA
rec_38;UPA SARAPUÍ;Saúde Especializada / Hospitalar;1;Vila Sarapuí;Av. República do Paraguai, s/nº - Vila Sarapuí – Duque de Caxias – RJ;25050-100;;(21) 3134-7023;saude@duquedecaxias.rj.gov.br;-22.749392;-43.302591;hub_1;Centro Cívico / Paço Municipal (Prefeitura);Atendimento 24 Horas Ininterrupto;Unidade de pronto atendimento 24h para suporte a casos de urgência em clínica geral e primeiros socorros de média complexidade.;APROXIMADA
rec_39;UPA LAFAIETE;Saúde Especializada / Hospitalar;1;Parque Lafaiete;Rua Joaquim Peçanha, s/nº - 1532 – Parque Lafaiete;25015-300;;N/A;saude@duquedecaxias.rj.gov.br;-22.786164;-43.325106;;;Atendimento 24 Horas Ininterrupto;Atendimento médico de urgência e emergência 24 horas, prestando serviços resolutivos de saúde para a região do Parque Lafaiete.;LOGRADOURO_CENTRO
rec_40;UPH Campos Elíseos;Saúde Especializada / Hospitalar;2;Campos Elíseos;Av. Actura, 333 – Campos Elíseos – Duque de Caxias – RJ;25225-020;;(21) 2776-0318;saude@duquedecaxias.rj.gov.br;-22.706401;-43.270808;;;Segunda a sexta-feira, das 09h às 17h;Unidade Pré-Hospitalar (UPH) 24h que alia atendimento de urgência a consultas médicas agendadas em diversas especialidades.;EXATA_ROOFTOP
rec_41;UPH Imbariê;Saúde Especializada / Hospitalar;3;Imbariê;Rua Catarina, s/nº - Imbariê – Duque de Caxias – RJ;25265-025;;(21) 2678-0014;saude@duquedecaxias.rj.gov.br;-22.6421;-43.2204;;;Segunda a sexta-feira, das 09h às 17h;Unidade Pré-Hospitalar focada na integração de serviços de emergência 24 horas e exames de apoio diagnóstico.;APROXIMADA
rec_42;UPH Parque Equitativa;Saúde Especializada / Hospitalar;3;Parque Equitativa;Av. Automóvel Clube, s/nº - Parque Equitativa – Duque de Caxias – RJ;25250-000;;(21) 2679-2040;saude@duquedecaxias.rj.gov.br;-22.622034;-43.229148;;;Segunda a sexta-feira, das 09h às 17h;Unidade Pré-Hospitalar oferecendo pronto atendimento 24h e ambulatório de especialidades para a população da região.;LOGRADOURO_CENTRO
rec_43;UPH Pilar;Saúde Especializada / Hospitalar;2;Pilar;Rua Carlos Alvear, s/nº - Pilar;25233-000;;(21) 2776-1654;saude@duquedecaxias.rj.gov.br;-22.715641;-43.30638;;;Segunda a sexta-feira, das 09h às 17h;Unidade de saúde integrada com pronto atendimento de urgência e acompanhamento preventivo básico e especializado.;LOGRADOURO_CENTRO
rec_44;UPH Saracuruna;Saúde Especializada / Hospitalar;2;Saracuruna;Av. Presidente Roosevelt, s/nº - Saracuruna – Duque de Caxias – RJ;25212-390;;(21) 2678-8345;saude@duquedecaxias.rj.gov.br;-22.6741;-43.2576;;;Segunda a sexta-feira, das 09h às 17h;Unidade Pré-Hospitalar de referência para Saracuruna, com plantão de clínica geral e exames diagnósticos essenciais.;APROXIMADA
rec_45;UPH Xerém;Saúde Especializada / Hospitalar;4;Xerém;Rua Nóbrega Ribeiro, s/nº - Xerém;25250-000;;(21) 2679-1837;saude@duquedecaxias.rj.gov.br;-22.600159;-43.291354;;;Segunda a sexta-feira, das 09h às 17h;Estrutura completa de atendimento pré-hospitalar com suporte de emergência 24h e programas de atenção primária em Xerém.;LOGRADOURO_CENTRO
rec_46;Centro de Atenção Psicossocial – CAPS LESLIE SANFORD CHAVIN;Saúde Especializada / Hospitalar;1;Jardim Vinte e Cinco de Agosto;Rua Marechal Deodoro, 147 – Jardim Vinte e Cinco de Agosto – RJ;25071-080;;(21) 2671-5806 / (21) 95906-8093;capschavin@gmail.com;-22.793436;-43.304067;;;Segunda a sexta-feira, das 09h às 17h;Centro de Atenção Psicossocial voltado ao acolhimento e tratamento especializado de pessoas com transtornos mentais graves e persistentes.;EXATA_ROOFTOP
rec_47;Centro de Atenção Psicossocial para Usuários de Álcool e Outras Drogas Renato Russo – CAPS AD;Saúde Especializada / Hospitalar;1;Centro;Rua Nilo Vieira, 353 – Centro – Duque de Caxias – RJ;25011-000;;(21) 2673-6144 / (21) 98667-5624;capsadrenatorusso@gmail.com;-22.784367;-43.315568;hub_1;Centro Cívico / Paço Municipal (Prefeitura);Segunda a sexta-feira, das 09h às 17h;Centro de Atenção Psicossocial Álcool e Drogas, especializado no acolhimento e reinserção social de usuários de álcool e outras substâncias.;EXATA_ROOFTOP
rec_48;Centro de Atenção Psicossocial Infanto-Juvenil – CAPSIJ;Saúde Especializada / Hospitalar;1;Jardim Vinte e Cinco de Agosto;Rua Marechal Floriano, 966 – Jardim Vinte e Cinco de Agosto – RJ;25075-025;;(21) 2672-3888 / (21) 2772-7569 / (21) 95906-9132;capsijinf@gmail.com;-22.79191;-43.305117;;;Segunda a sexta-feira, das 09h às 17h;Atenção especializada em saúde mental voltada para crianças e adolescentes com transtornos psicológicos de moderados a severos.;EXATA_ROOFTOP
rec_49;Centro de Atenção Psicossocial para Usuários de Álcool e Outras Drogas - CAPS AD XERÉM;Saúde Especializada / Hospitalar;4;Xerém;Rua Márcio Santos Silva, 77 – Mantiqueira - Xerém - RJ;25250-000;;(21) 98803-2550;saude@duquedecaxias.rj.gov.br;-22.585429;-43.302972;;;Segunda a sexta-feira, das 09h às 17h;Dispositivo da Rede de Atenção Psicossocial para o cuidado humanizado de dependentes de substâncias psicoativas na região de Xerém.;EXATA_ROOFTOP
rec_50;Centro de Atenção Psicossocial – CAPS Imbariê;Saúde Especializada / Hospitalar;3;Imbariê;Rua Projetada 02 – Lt 11 QD 03 – Imbariê – Duque de Caxias – RJ;25265-000;;(21) 3661-0891 / (21) 99397-7976;saude@duquedecaxias.rj.gov.br;-22.618941;-43.19967;;;Segunda a sexta-feira, das 09h às 17h;Apoio e acolhimento em saúde mental para a população de Imbariê e bairros vizinhos, reduzindo internações e promovendo autonomia.;EXATA_ROOFTOP
rec_51;Centro de Atenção ao Portador de Deficiências - CEAPD (CER II);Saúde Especializada / Hospitalar;1;Parque Senhor do Bonfim;Rua Manoel Lucas, s/nº - Parque Senhor do Bonfim;25025-240;;(21) 2772-7308 / 2652-2986;saude@duquedecaxias.rj.gov.br;-22.780391;-43.32151;hub_1;Centro Cívico / Paço Municipal (Prefeitura);Segunda a sexta-feira, das 09h às 17h;Unidade ambulatorial voltada ao acolhimento e cuidado integral à saúde e bem-estar dos adolescentes do município.;LOGRADOURO_CENTRO
rec_52;Centro de Atenção Total ao Adolescente – CEATA;Saúde Especializada / Hospitalar;1;Sarapuí;Av. República do Paraguai, s/nº - Sarapuí;25050-100;;(21) 2772-7308 / (21) 2652-2986;saude@duquedecaxias.rj.gov.br;-22.753412;-43.29458;hub_1;Centro Cívico / Paço Municipal (Prefeitura);Segunda a sexta-feira, das 09h às 17h;Unidade de alta tecnologia voltada à reabilitação física, intelectual, auditiva e visual, com equipamentos modernos e especialistas de alto nível.;LOGRADOURO_CENTRO
rec_53;Centro Especialização em Reabilitação – CER IV;Saúde Especializada / Hospitalar;1;Centro;Rua Gen. Gurjão, s/n – Centro;25011-090;;N/A;saude@duquedecaxias.rj.gov.br;-22.7843;-43.3159;hub_1;Centro Cívico / Paço Municipal (Prefeitura);Segunda a sexta-feira, das 09h às 17h;Principal polo de reabilitação bucal e especialidades odontológicas do centro de Duque de Caxias.;APROXIMADA
rec_54;Centro de Especialidade Odontológica (CEO Imbariê);Saúde Especializada / Hospitalar;3;Imbariê;Rua Feliciano Sodré, s/nº – Imbariê – Duque de Caxias – RJ;25265-200;;(21) 3661-4271;saude@duquedecaxias.rj.gov.br;-22.643492;-43.220586;;;Segunda a sexta-feira, das 09h às 17h;Centro de Especialidades Odontológicas, oferecendo tratamentos bucais complexos que vão além do atendimento primário dos postos de saúde.;APROXIMADA
rec_55;Centro de Especialidade Odontológica (CEO Xerém);Saúde Especializada / Hospitalar;4;Jardim Barro Branco;Avenida Pedro Alvares Cabral, Lt 15 Qd 36 - Jardim Barro Branco;25265-000;;N/A;saude@duquedecaxias.rj.gov.br;-22.633969;-43.249753;;;Segunda a sexta-feira, das 09h às 17h;Unidade especializada em saúde bucal de Xerém, com profissionais voltados para tratamentos odontológicos avançados e especializados.;EXATA_ROOFTOP
rec_56;Centro de Especialidade Odontológica (Centro);Saúde Especializada / Hospitalar;1;Centro;Rua gen. Gurjão s/n – Centro / Duque de Caxias;25020-000;;N/A;saude@duquedecaxias.rj.gov.br;-22.643591;-43.220375;;;Segunda a sexta-feira, das 09h às 17h;Equipamento público oficial da Prefeitura Municipal de Duque de Caxias vinculado ao setor de Saúde Especializada / Hospitalar.;APROXIMADA
rec_57;Centro de Especialidade Odontológica (CEO PRAINHA);Saúde Especializada / Hospitalar;1;Bar dos Cavaleiros;Av. Dr. Manoel Teles, 1714, Bar dos Cavaleiros – Duque de Caxias - RJ;25015-180;;(21) 3657-9013;saude@duquedecaxias.rj.gov.br;-22.797547;-43.322144;;;Segunda a sexta-feira, das 09h às 17h;Estrutura odontológica especializada para atendimento e tratamento bucal secundário de média complexidade.;EXATA_ROOFTOP
rec_58;Posto Odontológico Professor José de Souza Herdy;Saúde Especializada / Hospitalar;1;Parque Felicidade;Rua Parque Alcino Guanabara, s/nº - Parque Felicidade – Duque de Caxias – RJ;25080-120;;(21) 2650-1295;saude@duquedecaxias.rj.gov.br;-22.786051;-43.296348;;;Segunda a sexta-feira, das 09h às 17h;Unidade ambulatorial odontológica tradicional dedicada ao atendimento primário e especialidades bucais na região do Parque Felicidade.;EXATA_ROOFTOP
rec_59;USF Mangueirinha;Saúde Básica (APS / USF / UBS);1;Centenário;Rua da Mina, s/nº - Mangueirinha (Centenário);25010-090;CNES: 5922461;(21) 2773-5500;atencaobasica@duquedecaxias.rj.gov.br;-22.777466;-43.320366;;;Segunda a sexta-feira, das 08h às 17h;Assistência básica no topo do morro da Mangueirinha, facilitando o acesso da população local a preventivos, puericultura e clínica médica.;LOGRADOURO_CENTRO
rec_60;USF Manoel Barcelos (USF Parque Felicidade);Saúde Básica (APS / USF / UBS);1;Parque Felicidade;Rua Albino Imparato, nº 675 - Parque Felicidade;25080-120;CNES: 6531474;(21) 2773-5500;atencaobasica@duquedecaxias.rj.gov.br;-22.784315;-43.296792;;;Segunda a sexta-feira, das 08h às 17h;Garante o cuidado de saúde preventivo continuado de proximidade para a comunidade do Parque Felicidade.;EXATA_ROOFTOP
rec_61;USF Maria Dalva Pereira Gomes (USF Centenário);Saúde Básica (APS / USF / UBS);1;Centenário;Rua João Ribeiro, s/nº - Centenário;25010-090;CNES: 3488772;(21) 2773-5500;atencaobasica@duquedecaxias.rj.gov.br;-22.775425;-43.315092;;;Segunda a sexta-feira, das 08h às 17h;Acolhimento preventivo de excelente estrutura voltado ao bem-estar e saúde do bairro Centenário.;LOGRADOURO_CENTRO
rec_62;USF Carlos Roberto Zagari Koeler (USF Jardim Leal);Saúde Básica (APS / USF / UBS);1;Jardim Leal;Rua João Olinto Machado, s/nº - Jardim Leal;25070-130;CNES: 3466027;(21) 2773-5500;atencaobasica@duquedecaxias.rj.gov.br;-22.721119;-43.317393;;;Segunda a sexta-feira, das 08h às 17h;Cuidados de saúde integrados dedicados às famílias do Jardim Leal, prestando orientações e preventivos especializados.;LOGRADOURO_CENTRO
rec_63;USF Jardim Gramacho I II III V;Saúde Básica (APS / USF / UBS);1;Jardim Gramacho;Avenida Pistóia, s/nº - Jardim Gramacho - 1º Distrito 25055-052;25055-120;CNES: 2283638 | Módulos I, II, III e V;(21) 2773-5500;atencaobasica@duquedecaxias.rj.gov.br;-22.757687;-43.283134;;;Segunda a sexta-feira, das 08h às 17h;Atuação na atenção básica em Jardim Gramacho, com forte engajamento na prevenção de patologias e controle do desenvolvimento infantil.;LOGRADOURO_CENTRO
rec_64;USF Jardim Gramacho IV;Saúde Básica (APS / USF / UBS);1;Jardim Gramacho;Rua Jundiaí, s/n° - Jardim Gramacho - 1° Distrito - CEP: 25051-070;25051-070;CNES: 7827997 | Módulo IV Descentralizado;(21) 2773-5500;atencaobasica@duquedecaxias.rj.gov.br;-22.763651;-43.293252;;;Segunda a sexta-feira, das 08h às 17h;Atuação na atenção básica em Jardim Gramacho, com forte engajamento na prevenção de patologias e controle do desenvolvimento infantil.;LOGRADOURO_CENTRO
rec_65;USF Dois Irmãos;Saúde Básica (APS / USF / UBS);1;Parque Beira Mar;Rua da Assembleia, s/nº - Parque Beira Mar;25085-000;CNES: 6444547;(21) 2773-5500;atencaobasica@duquedecaxias.rj.gov.br;-22.794474;-43.308774;;;Segunda a sexta-feira, das 08h às 17h;Unidade voltada à Estratégia de Saúde da Família, promovendo visitas domiciliares, prevenção e promoção da saúde.;LOGRADOURO_CENTRO
rec_66;USF Otacílio da Silva (USF Olavo Bilac);Saúde Básica (APS / USF / UBS);1;Olavo Bilac;Rua Aquidaban, s/nº - Olavo Bilac;25015-180;CNES: 3466035;(21) 2773-5500;atencaobasica@duquedecaxias.rj.gov.br;-22.7613;-43.325041;;;Segunda a sexta-feira, das 08h às 17h;Atuação constante de Agentes Comunitários de Saúde e equipe clínica nas residências do bairro Olavo Bilac.;LOGRADOURO_CENTRO
rec_67;USF Sebastião de Souza Alves (USF Beira Mar ou CASF Beira Mar);Saúde Básica (APS / USF / UBS);1;Parque Beira Mar;Rua Francisco Alves, s/nº - Parque Beira Mar;25085-060;CNES: 6371221;(21) 2773-5500;atencaobasica@duquedecaxias.rj.gov.br;-22.791982;-43.289551;;;Segunda a sexta-feira, das 08h às 17h;Apoio de Estratégia de Saúde da Família focado no acompanhamento domiciliar e na prevenção em saúde no Parque Beira Mar.;LOGRADOURO_CENTRO
rec_68;USF Trevo das Missões;Saúde Básica (APS / USF / UBS);1;Trevo das Missões;Rua Quatro, s/nº - Trevo das Missões;25055-000;CNES: 2283565;(21) 2773-5500;atencaobasica@duquedecaxias.rj.gov.br;-22.624787;-43.218432;;;Segunda a sexta-feira, das 08h às 17h;Posto de Saúde da Família estrategicamente localizado para cobrir a região do Trevo das Missões com ações educativas e clínicas preventivas.;LOGRADOURO_CENTRO
rec_69;USF Cidade dos Meninos;Saúde Básica (APS / USF / UBS);2;Jardim Vila Nova;Rua Maria de Andrade, 01 - Jardim Vila Nova;25045-230;CNES: 2283506;(21) 2773-5500;atencaobasica@duquedecaxias.rj.gov.br;-22.719561;-43.314149;;;Segunda a sexta-feira, das 08h às 17h;Serviço de Estratégia de Saúde da Família na localidade de Cidade dos Meninos, promovendo assistência e acompanhamento social e de saúde.;EXATA_ROOFTOP
rec_70;USF Nelson Chaves de Araújo;Saúde Básica (APS / USF / UBS);2;Santa Isabel;Rua Nossa Srª Aparecida, s/nº - Santa Isabel;25225-000;CNES: 2283549;(21) 2773-5500;atencaobasica@duquedecaxias.rj.gov.br;-22.7016;-43.3025;;;Segunda a sexta-feira, das 08h às 17h;Prestação de assistência e acompanhamento familiar integral, focado na prevenção no bairro de Santa Isabel.;APROXIMADA
rec_71;USF Pilar I e II;Saúde Básica (APS / USF / UBS);2;Pilar;Praça Wilma de Jesus, s/nº - Pilar;25233-000;CNES: 2283484;(21) 2773-5500;atencaobasica@duquedecaxias.rj.gov.br;-22.708954;-43.314053;;;Segunda a sexta-feira, das 08h às 17h;Equipes I e II dedicadas à atenção primária e Estratégia de Saúde da Família no tradicional bairro do Pilar.;LOGRADOURO_CENTRO
rec_72;USF São Bento;Saúde Básica (APS / USF / UBS);2;São Bento;Avenida União, Lt 01 Qd 10 - São Bento;25045-000;CNES: 5306949;(21) 2773-5500;atencaobasica@duquedecaxias.rj.gov.br;-22.722648;-43.302688;;;Segunda a sexta-feira, das 08h às 17h;Unidade essencial para a promoção da saúde e acompanhamento integral das famílias do bairro São Bento.;EXATA_ROOFTOP
rec_73;UBS Calundú;Saúde Básica (APS / USF / UBS);2;Nossa Senhora do Carmo;Avenida Calundú, s/nº - Bairro Nossa Senhora do Carmo;25045-000;CNES: 9973044;(21) 2773-5500;atencaobasica@duquedecaxias.rj.gov.br;-22.750513;-43.32252;;;Segunda a sexta-feira, das 08h às 17h;Garante atendimento médico ambulatorial de atenção primária no bairro de Nossa Senhora do Carmo (Calundú).;APROXIMADA
rec_74;USF Parque Comercial;Saúde Básica (APS / USF / UBS);2;São Bento;Rua João Raimundo, Lt 72 Qd 66 - São Bento;25045-000;CNES: 2283468;(21) 2773-5500;atencaobasica@duquedecaxias.rj.gov.br;-22.739705;-43.322057;;;Segunda a sexta-feira, das 08h às 17h;Atuação na Estratégia de Saúde da Família com acompanhamento regular e preventivo da população do Parque Comercial no São Bento.;EXATA_ROOFTOP
rec_75;USF Vila Urussaí;Saúde Básica (APS / USF / UBS);2;Saracuruna;Avenida Presidente Roosevelt, s/nº - Saracuruna;25212-390;CNES: 2277883;(21) 2773-5500;atencaobasica@duquedecaxias.rj.gov.br;-22.673372;-43.25791;;;Segunda a sexta-feira, das 08h às 17h;Atenção primária de proximidade e acompanhamento da saúde da família na Vila Urussaí, em Saracuruna.;LOGRADOURO_CENTRO
rec_76;UBS José Carlos Gianes (USF Vila Canaã - É USF);Saúde Básica (APS / USF / UBS);3;Vila Canaã;Rua Bonsucesso, S/N – Vila Canaã;25240-000;CNES: 0978272;(21) 2773-5500;atencaobasica@duquedecaxias.rj.gov.br;-22.626374;-43.281827;;;Segunda a sexta-feira, das 08h às 17h;Acolhimento preventivo de excelente estrutura voltado ao bem-estar e saúde do bairro Vila Canaã.;APROXIMADA
rec_77;USF Cristovão Colombo;Saúde Básica (APS / USF / UBS);3;Cristovão Colombo;Rua Zumbi dos Palmares, s/nº - Cristóvão Colombo;25265-000;CNES: 2778645;(21) 2773-5500;atencaobasica@duquedecaxias.rj.gov.br;-22.699453;-43.302183;;;Segunda a sexta-feira, das 08h às 17h;Garante o acesso a consultas ambulatoriais e rotinas de prevenção essenciais no bairro Cristóvão Colombo.;LOGRADOURO_CENTRO
rec_78;USF Imbariê;Saúde Básica (APS / USF / UBS);3;Imbariê;Rua Venceslau Bras, nº 15 - Imbariê;25265-000;CNES: 2295865;(21) 2773-5500;atencaobasica@duquedecaxias.rj.gov.br;-22.643557;-43.219672;;;Segunda a sexta-feira, das 08h às 17h;Posto de Saúde da Família integrado que auxilia os moradores locais de Imbariê com consultas preventivas.;EXATA_ROOFTOP
rec_79;USF Jardim Anhangá;Saúde Básica (APS / USF / UBS);3;Jardim Anhangá;Rua Pacoty, nº 20 - Jardim Anhangá;25260-120;CNES: 2778602;(21) 2773-5500;atencaobasica@duquedecaxias.rj.gov.br;-22.645218;-43.233069;;;Segunda a sexta-feira, das 08h às 17h;Prestação de assistência e acompanhamento familiar integral, focado na prevenção no bairro Jardim Anhangá.;EXATA_ROOFTOP
rec_80;USF Parada Angélica;Saúde Básica (APS / USF / UBS);3;Parada Angélica;Rua Evaristo de Moraes, 187 - Parada Angélica - 3º Distrito - CEP: 25272-310;25272-560;CNES: 2778599;(21) 2773-5500;atencaobasica@duquedecaxias.rj.gov.br;-22.617849;-43.203974;;;Segunda a sexta-feira, das 08h às 17h;Garante o cuidado de saúde preventivo continuado de proximidade para a comunidade de Parada Angélica.;EXATA_ROOFTOP
rec_81;USF Parada Morabi;Saúde Básica (APS / USF / UBS);3;Parada Morabi;Avenida Anhanga, s/nº - Parada Morabi;25265-000;CNES: 7010915;(21) 2773-5500;atencaobasica@duquedecaxias.rj.gov.br;-22.643419;-43.231703;;;Segunda a sexta-feira, das 08h às 17h;Presta serviços de atenção primária no bairro Parada Morabi, integrando exames e vacinação à rotina das famílias.;LOGRADOURO_CENTRO
rec_82;USF Parque Eldorado;Saúde Básica (APS / USF / UBS);3;Parque Eldorado;Rua Vanísia, nº 01 - Parque Eldorado;25240-000;CNES: 2283581;(21) 2773-5500;atencaobasica@duquedecaxias.rj.gov.br;-22.646042;-43.286618;;;Segunda a sexta-feira, das 08h às 17h;Unidade essencial para a promoção da saúde e acompanhamento integral das famílias do Parque Eldorado.;EXATA_ROOFTOP
rec_83;USF Nova Campina;Saúde Básica (APS / USF / UBS);3;Nova Campinas;Rua Seis, s/nº (esquina com Rua A e G) - Nova Campinas;25260-310;CNES: 2283611;(21) 2773-5500;atencaobasica@duquedecaxias.rj.gov.br;-22.647563;-43.249935;;;Segunda a sexta-feira, das 08h às 17h;Oferece suporte à saúde primária de forma acolhedora para os moradores de Nova Campinas com equipes integradas.;LOGRADOURO_CENTRO
rec_84;USF Enfermeira Alaíde Ramos Amasonas (Equipes II e III de Jardim Anhangá);Saúde Básica (APS / USF / UBS);3;Jardim Anhangá;Rua Violeta, s/n - Jardim Anhangá (CIEP 319 - Oduvaldo Viana Filho);25260-120;CNES: 3375900;(21) 2773-5500;atencaobasica@duquedecaxias.rj.gov.br;-22.733536;-43.302431;;;Segunda a sexta-feira, das 08h às 17h;Unidade integrada ao CIEP 319 voltada ao acolhimento integral da saúde infanto-juvenil e de suas famílias no Jardim Anhangá.;LOGRADOURO_CENTRO
rec_85;USF Parque Paulista;Saúde Básica (APS / USF / UBS);3;Parque Paulista;Av. Automóvel Clube, s/n - Parque Paulista (UPH Equitativa);25250-000;CNES: 5038685 | Anexo à UPH Equitativa;(21) 2773-5500;atencaobasica@duquedecaxias.rj.gov.br;-22.635221;-43.264706;;;Segunda a sexta-feira, das 08h às 17h;Operando integrada à estrutura da UPH da Equitativa, expande os cuidados primários e preventivos para as famílias da localidade.;LOGRADOURO_CENTRO
rec_86;USF Santa Lúcia;Saúde Básica (APS / USF / UBS);3;Santa Lúcia;Avenida Automóvel Clube, km 56 – Santa Lúcia (CIEP 330 Maria da Glória Correia Lemos);25240-000;CNES: 2283522;(21) 2773-5500;atencaobasica@duquedecaxias.rj.gov.br;-22.62257;-43.215971;;;Segunda a sexta-feira, das 08h às 17h;Unidade integrada à comunidade escolar no CIEP 330 com forte atuação preventiva no bairro de Santa Lúcia.;APROXIMADA
rec_87;USF Jardim Olimpo;Saúde Básica (APS / USF / UBS);4;Jardim Olimpo;Rua Mauricia, s/n - Jardim Olimpo;25250-000;CNES: 2283514;(21) 2773-5500;atencaobasica@duquedecaxias.rj.gov.br;-22.623286;-43.284936;;;Segunda a sexta-feira, das 08h às 17h;Atuação na atenção básica em Jardim Olimpo com foco em ações de promoção da saúde e preventivos essenciais.;LOGRADOURO_CENTRO
rec_88;USF Santa Rosa (USF Parque Leal);Saúde Básica (APS / USF / UBS);4;Parque Leal;Rodovia Washington Luiz, km 97 - Parque Leal;25250-000;CNES: 5287545;(21) 2773-5500;atencaobasica@duquedecaxias.rj.gov.br;-22.711588;-43.287075;;;Segunda a sexta-feira, das 08h às 17h;Atendimento e suporte à saúde primária de forma acolhedora para os moradores do Parque Leal na Washington Luís.;LOGRADOURO_CENTRO
rec_89;UBS Enir Angela Biciati Moreira (UBS Santo Antônio - É USF);Saúde Básica (APS / USF / UBS);4;Santo Antônio da Serra;Rua Antonio Guedes, s/n - Santo Antônio da Serra;25250-000;CNES: 2295814;(21) 2773-5500;atencaobasica@duquedecaxias.rj.gov.br;-22.608841;-43.278706;;;Segunda a sexta-feira, das 08h às 17h;Unidade essencial para a promoção da saúde e acompanhamento integral das famílias do bairro de Santo Antônio da Serra.;LOGRADOURO_CENTRO
rec_90;UBS Abdul Nasser Haikal/ USF Parque Chuno (Mesmo local, equipes distintas);Saúde Básica (APS / USF / UBS);2;Bom Retiro;Rua Maturim, s/n - Bom Retiro;25225-000;CNES: 2277832;(21) 2773-5500;atencaobasica@duquedecaxias.rj.gov.br;-22.701524;-43.25381;;;Segunda a sexta-feira, das 08h às 17h;Oferece suporte à saúde primária de forma acolhedora para os moradores do Parque Chuno e arredores de Jardim Primavera.;LOGRADOURO_CENTRO
rec_91;UBS Barão do Amapá;Saúde Básica (APS / USF / UBS);4;Amapá;Rua Andreia, s/nº, Amapá;25235-452;CNES: 7676670;(21) 2773-5500;atencaobasica@duquedecaxias.rj.gov.br;-22.6874;-43.353;;;Segunda a sexta-feira, das 08h às 17h;Ponto crucial de atendimento médico, preventivo e acompanhamento no bairro Barão do Amapá.;APROXIMADA
rec_92;UBS Antônio Granja;Saúde Básica (APS / USF / UBS);2;Parque Esperança;Rua General Moreira Sampaio, s/nº, Parque Esperança;25045-380;CNES: 2277913;(21) 2773-5500;atencaobasica@duquedecaxias.rj.gov.br;-22.723153;-43.31682;;;Segunda a sexta-feira, das 08h às 17h;Integração de serviços de saúde comunitários e médicos voltados à população do Parque Esperança.;LOGRADOURO_CENTRO
rec_93;UBS Doutor José de Freitas;Saúde Básica (APS / USF / UBS);1;Parque Felicidade;Praça José de Jesus, s/nº, Parque Felicidade;25080-510;CNES: 2277964;(21) 2650-1295;atencaobasica@duquedecaxias.rj.gov.br;-22.788924;-43.297683;;;Segunda a sexta-feira, das 08h às 17h;Ponto básico de atendimento integral e médico para os residentes do Parque Felicidade e imediações.;APROXIMADA
rec_94;UBS Edna Siqueira Salles;Saúde Básica (APS / USF / UBS);1;Jardim Gramacho;Rua Paracatu, s/nº, Jardim Gramacho;25055-110;CNES: 3275256;(21) 2773-5500;atencaobasica@duquedecaxias.rj.gov.br;-22.756409;-43.279189;;;Segunda a sexta-feira, das 08h às 17h;Apoio médico essencial à comunidade do Jardim Gramacho, trabalhando no acompanhamento de rotina e saúde da família.;LOGRADOURO_CENTRO
rec_95;UBS Fátima de Oliveira Thomaz (UBS Jardim Leal);Saúde Básica (APS / USF / UBS);1;Figueira;Rua Solimões, s/n, Figueira (esquina com Rodovia Washington Luís);25230-000;CNES: 0978221;(21) 2773-5500;atencaobasica@duquedecaxias.rj.gov.br;-22.680784;-43.286758;;;Segunda a sexta-feira, das 08h às 17h;Serviço de saúde preventivo de excelente acesso geográfico à população do bairro Olavo Bilac.;LOGRADOURO_CENTRO
rec_96;UBS Rural;Saúde Básica (APS / USF / UBS);4;Xerém;Estrada do Tabuleiro, s/n - Xerém;25250-000;CNES: 2883325;(21) 2773-5500;atencaobasica@duquedecaxias.rj.gov.br;-22.587452;-43.305322;;;Segunda a sexta-feira, das 08h às 17h;Unidade direcionada à população das zonas mais rurais e de difícil acesso na região de Xerém.;APROXIMADA
rec_97;"UBS ""Bidi"" (UBS Senhor Benedito Nascimento - BIDI)";Saúde Básica (APS / USF / UBS);2;Pilar;Rua São Luiz, nº 300 - Pilar;25233-000;CNES: 4650514;(21) 2773-5500;atencaobasica@duquedecaxias.rj.gov.br;-22.706783;-43.31148;;;Segunda a sexta-feira, das 08h às 17h;Conhecido localmente como Posto do BIDI, oferece cuidados preventivos e acolhimento em saúde de proximidade na região do Pilar.;EXATA_ROOFTOP
rec_98;USF Sérgio de Freitas Américo (UBS Covanca - É UBS);Saúde Básica (APS / USF / UBS);1;Parque Lafaiete;Av. Miguel Couto, nº 340 - Parque Lafaiete;25015-010;CNES: 4546113;(21) 2773-5500;atencaobasica@duquedecaxias.rj.gov.br;-22.783621;-43.328346;;;Segunda a sexta-feira, das 08h às 17h;Unidade básica que atua diretamente nas necessidades assistenciais e preventivas dos moradores do Parque Lafaiete.;EXATA_ROOFTOP
rec_99;UBS Vereador Adilson Ribeiro Braga (UBS Bom retiro);Saúde Básica (APS / USF / UBS);2;Bom Retiro;Rua Maturim,s/n - Esquina com a Rua Janaina - Bom Retiro - 2° Distrito;N/A;CNES: 4650506;(21) 2773-5500;atencaobasica@duquedecaxias.rj.gov.br;-22.701524;-43.25381;;;Segunda a sexta-feira, das 08h às 17h;Equipamento público oficial da Prefeitura Municipal de Duque de Caxias vinculado ao setor de Saúde Básica (APS / USF / UBS).;LOGRADOURO_CENTRO
rec_100;UBS Capivari;Saúde Básica (APS / USF / UBS);3;Parque Capivari;Av. Marques de Barbacena, nº 22, Parque Capivari;25243-150;CNES: 4666836;(21) 2773-5500;atencaobasica@duquedecaxias.rj.gov.br;-22.644232;-43.332638;;;Segunda a sexta-feira, das 08h às 17h;Unidade de referência básica do Parque Capivari focado em garantir a cobertura completa e primária de saúde local.;EXATA_ROOFTOP
rec_101;UBS Nilza Maria Cardoso Rodrigues;Saúde Básica (APS / USF / UBS);1;Engenho do Porto;Av. General Solon Ribeiro, nº 35 Loja A - Engenho do Porto;25015-400;CNES: 4872908;(21) 2773-5500;atencaobasica@duquedecaxias.rj.gov.br;-22.790316;-43.317725;;;Segunda a sexta-feira, das 08h às 17h;Atuação na Atenção Primária no Engenho do Porto com foco em ações de promoção da saúde e estilo de vida saudável.;EXATA_ROOFTOP
rec_102;UBS Cangulo (UBS Cangulo - Dr. Iveraldo Carvalho Pessôa);Saúde Básica (APS / USF / UBS);2;Cangulo;Rua Padre Bartolomeu Fagundes, s/nº, Cangulo;25225-330;CNES: 9927514;(21) 2773-5500;atencaobasica@duquedecaxias.rj.gov.br;-22.691568;-43.23736;;;Segunda a sexta-feira, das 08h às 17h;Garante o acesso a consultas ambulatoriais e rotinas de prevenção essenciais à comunidade de Cangulo.;LOGRADOURO_CENTRO
rec_103;UBS Sarapuí / USF Sarapuí (Em transição para se tornar ESF);Saúde Básica (APS / USF / UBS);1;Jardim Gramacho;Avenida Pelotas, s/nº, Jardim Gramacho;25050-501;CNES: 2277670;(21) 2773-5500;atencaobasica@duquedecaxias.rj.gov.br;-22.756532;-43.290909;;;Segunda a sexta-feira, das 08h às 17h;Unidade básica focada na prevenção e cuidado ambulatorial essencial na região do Jardim Gramacho e arredores.;LOGRADOURO_CENTRO
rec_104;UBS Alayde Cunha (Em transição para se tornar ESF - Comporta USF Copacabana/ USF Vila Leopoldina);Saúde Básica (APS / USF / UBS);1;Vila Santo Antonio;Avenida Gomes Freire, Qd 68 Lote 07 - Vila Santo Antonio;25040-000;CNES: 2277948;(21) 2773-5500;atencaobasica@duquedecaxias.rj.gov.br;-22.746633;-43.30934;;;Segunda a sexta-feira, das 08h às 17h;Apoio fundamental à saúde básica com acompanhamento médico e multiprofissional contínuo no bairro Pantanal.;EXATA_ROOFTOP
rec_105;UBS Aparecida Tavares (Em transição para se tornar ESF - Comporta USF Vila São Luiz);Saúde Básica (APS / USF / UBS);1;Vila São Luiz;Av. Brasil, S/N - Vila São Luiz;25065-010;CNES: 5922496;(21) 2773-5500;atencaobasica@duquedecaxias.rj.gov.br;-22.680907;-43.364277;;;Segunda a sexta-feira, das 08h às 17h;Presta serviços de atenção primária no bairro Vila São Luiz, promovendo a prevenção e o controle de doenças crônicas na comunidade.;LOGRADOURO_CENTRO
rec_106;UBS Nair Borges Fernandes (UBS Figueira - Em transição para se tornar ESF);Saúde Básica (APS / USF / UBS);2;Figueira;Rua Solimões, s/nº (esquina com Rodovia Washington Luíz), Figueira - CEP: 25231-340 - 2° Distrito;25231-340;CNES: 0978248;(21) 2773-5500;atencaobasica@duquedecaxias.rj.gov.br;-22.680784;-43.286758;;;Segunda a sexta-feira, das 08h às 17h;Equipamento público oficial da Prefeitura Municipal de Duque de Caxias vinculado ao setor de Saúde Básica (APS / USF / UBS).;LOGRADOURO_CENTRO
rec_107;UBS Evangelina Tavares (Em transição para se tornar ESF );Saúde Básica (APS / USF / UBS);1;Vila São Luiz;Av. Expedicionário José Amaro, nº 755 - Vila São Luiz;25065-090;CNES: 4855205;(21) 2773-5500;atencaobasica@duquedecaxias.rj.gov.br;-22.771376;-43.292234;;;Segunda a sexta-feira, das 08h às 17h;Atendimento primário e suporte de saúde preventiva de qualidade aos moradores da Vila São Luiz.;EXATA_ROOFTOP
rec_108;Clínica da Família José Bezerra da Silva (Vila Ideal);Saúde Básica (APS / USF / UBS);1;Vila Ideal;Rua Osvaldo Aranha, s/n° - Vila Ideal - 1° Distrito - CEP: 25010-430;25010-430;CNES: 5804906;(21) 2773-5500;atencaobasica@duquedecaxias.rj.gov.br;-22.79352;-43.313913;;;Segunda a sexta-feira, das 08h às 17h;Equipamento público oficial da Prefeitura Municipal de Duque de Caxias vinculado ao setor de Saúde Básica (APS / USF / UBS).;LOGRADOURO_CENTRO
rec_109;Clinica da Família Maria Helena Monteiro (Centenário Novo);Saúde Básica (APS / USF / UBS);1;Vila Centenário;Rua Horácio Gomes, s/n° - Vila Centenário - 1° Distrito - CEP: 25020-137;25020-137;CNES: 5575141;(21) 2773-5500;atencaobasica@duquedecaxias.rj.gov.br;-22.724057;-43.325182;;;Segunda a sexta-feira, das 08h às 17h;Equipamento público oficial da Prefeitura Municipal de Duque de Caxias vinculado ao setor de Saúde Básica (APS / USF / UBS).;LOGRADOURO_CENTRO
rec_110;Clínica da Família Pantanal;Saúde Básica (APS / USF / UBS);2;Pantanal;Rua Eça de Queiroz, n° 176, Pantanal - 25040-160 - 2° Distrito;25040-160;CNES: 4650522;(21) 2773-5500;atencaobasica@duquedecaxias.rj.gov.br;-22.740944;-43.322538;;;Segunda a sexta-feira, das 08h às 17h;Equipamento público oficial da Prefeitura Municipal de Duque de Caxias vinculado ao setor de Saúde Básica (APS / USF / UBS).;EXATA_ROOFTOP
rec_111;Clínica da Família Taquara;Saúde Básica (APS / USF / UBS);3;Taquara;Estrada Cachoeira das Dores, s/nº - Taquara;25250-000;CNES: 2277840;(21) 2773-5500;atencaobasica@duquedecaxias.rj.gov.br;-22.610268;-43.238239;;;Segunda a sexta-feira, das 08h às 17h;Assistência à saúde e preventivos em localidade de fácil acesso no bairro rural da Taquara.;LOGRADOURO_CENTRO
rec_112;Clínica da Família Parque Esperança;Saúde Básica (APS / USF / UBS);2;Jardim Vila Nova;Rua Maria de Andrade, 01 - Jardim Vila Nova - 2º Distrito. CEP: 25.045-315;N/A;CNES: 3976378;(21) 2773-5500;atencaobasica@duquedecaxias.rj.gov.br;-22.719561;-43.314149;;;Segunda a sexta-feira, das 08h às 17h;Equipamento público oficial da Prefeitura Municipal de Duque de Caxias vinculado ao setor de Saúde Básica (APS / USF / UBS).;EXATA_ROOFTOP
rec_113;Clínica da Família José Olavo de Araújo (Antiga USF Pilar III IV V);Saúde Básica (APS / USF / UBS);2;Pilar;Rua São Jorge, nº 96 - Pilar;25233-000;CNES: 2778637;(21) 2773-5500;atencaobasica@duquedecaxias.rj.gov.br;-22.663485;-43.295859;;;Segunda a sexta-feira, das 08h às 17h;Expansão da cobertura de saúde da família na região do Pilar, integrando equipes III, IV e V para suporte preventivo amplo.;EXATA_ROOFTOP
rec_114;Clínica da Família Barro Branco;Saúde Básica (APS / USF / UBS);3;Jardim Barro Branco;Av. Pedro Alvares Cabral, lt 15 - Qd 01 – Jardim Barro Branco - 3º Distrito - CEP: 25267-120;25267-120;CNES: 5205492;(21) 2773-5500;atencaobasica@duquedecaxias.rj.gov.br;-22.633969;-43.249753;;;Segunda a sexta-feira, das 08h às 17h;Equipamento público oficial da Prefeitura Municipal de Duque de Caxias vinculado ao setor de Saúde Básica (APS / USF / UBS).;EXATA_ROOFTOP
rec_115;Clínica da Família Gramacho;Saúde Básica (APS / USF / UBS);1;Vila Leopoldina;Rua Entre Rios, s/nº - Vila Leopoldina;25050-000;CNES: 3902781;(21) 2773-5500;atencaobasica@duquedecaxias.rj.gov.br;-22.754194;-43.309816;;;Segunda a sexta-feira, das 08h às 17h;Presta serviços de atenção primária no bairro Vila Leopoldina, integrando exames e vacinação à rotina das famílias.;LOGRADOURO_CENTRO
rec_116;Clínica da Família Vila Maria Helena;Saúde Básica (APS / USF / UBS);2;Vila Maria Helena;Rua Mario Feijó, s/nº - Vila Maria Helena;25245-390;CNES: 2778661;(21) 2773-5500;atencaobasica@duquedecaxias.rj.gov.br;-22.670156;-43.269149;;;Segunda a sexta-feira, das 08h às 17h;Oferece cuidados preventivos e visitas domiciliares contínuas para os bairros Vila Maria Helena e Codora.;LOGRADOURO_CENTRO
rec_117;FUNDEC — Sede Administrativa Central;FUNDEC;2;Jardim Primavera;Alameda Dona Esmeralda, nº 206;25215-260;;(21) 2773-5500;fundec@duquedecaxias.rj.gov.br;-22.685413;-43.28418;hub_1;Centro Cívico / Paço Municipal (Prefeitura);Segunda a sexta-feira, das 07h às 21h (Conforme Turno);Equipamento público oficial da Prefeitura Municipal de Duque de Caxias vinculado ao setor de FUNDEC.;EXATA_ROOFTOP
rec_118;FUNDEC — Sede Operacional / Parque Duque;FUNDEC;1;Parque Duque;Av. Brigadeiro Lima e Silva, nº 131;25085-131;;(21) 2672-5650;contato@fundec.rj.gov.br;-22.800674;-43.292367;hub_2;Edifício Barão de Mauá / Polo Parque Duque;Segunda a sexta-feira, das 07h às 21h (Conforme Turno);Equipamento público oficial da Prefeitura Municipal de Duque de Caxias vinculado ao setor de FUNDEC.;EXATA_ROOFTOP
rec_119;FUNDEC Polo Inclusão e Trabalho;FUNDEC;1;Parque Duque;Av. Brigadeiro Lima e Silva, nº 131;25085-131;;(21) 2672-5650;inclusao@fundec.rj.gov.br;-22.800674;-43.292367;hub_2;Edifício Barão de Mauá / Polo Parque Duque;Segunda a sexta-feira, das 07h às 21h (Conforme Turno);Equipamento público oficial da Prefeitura Municipal de Duque de Caxias vinculado ao setor de FUNDEC.;EXATA_ROOFTOP
rec_120;FUNDEC Centro Avançado de Ensino ASSECAMPE;FUNDEC;2;Campos Elíseos;Rodovia Washington Luiz, Km 113;25225-015;;(21) 2776-1234;contato@fundec.rj.gov.br;-22.711588;-43.287075;;;Segunda a sexta-feira, das 07h às 21h (Conforme Turno);Equipamento público oficial da Prefeitura Municipal de Duque de Caxias vinculado ao setor de FUNDEC.;LOGRADOURO_CENTRO
rec_121;FUNDEC Polo da Beleza Casa Tenório Cavalcanti;FUNDEC;3;Imbariê;Av. Automóvel Clube, s/nº;25266-000;;(21) 2778-5500;contato@fundec.rj.gov.br;-22.622034;-43.229148;;;Segunda a sexta-feira, das 07h às 21h (Conforme Turno);Equipamento público oficial da Prefeitura Municipal de Duque de Caxias vinculado ao setor de FUNDEC.;LOGRADOURO_CENTRO
rec_122;FUNDEC Polo da Indústria;FUNDEC;2;Campos Elíseos;Rodovia Washington Luiz, Km 113;25225-015;;(21) 2672-5650;contato@fundec.rj.gov.br;-22.711588;-43.287075;;;Segunda a sexta-feira, das 07h às 21h (Conforme Turno);Equipamento público oficial da Prefeitura Municipal de Duque de Caxias vinculado ao setor de FUNDEC.;LOGRADOURO_CENTRO
rec_123;FUNDEC Polo de Música Ricardo Eugênio Boechat;FUNDEC;1;Doutor Laureano;Rua Dr. Laureano, s/nº;25060-000;;(21) 2671-5000;musica@fundec.rj.gov.br;-22.76951;-43.299228;;;Segunda a sexta-feira, das 07h às 21h (Conforme Turno);Equipamento público oficial da Prefeitura Municipal de Duque de Caxias vinculado ao setor de FUNDEC.;LOGRADOURO_CENTRO
rec_124;FUNDEC Polo Social;FUNDEC;1;Gramacho;Av. Presidente Kennedy, nº 2073;25010-001;;(21) 2672-6650;contato@fundec.rj.gov.br;-22.758009;-43.303064;;;Segunda a sexta-feira, das 07h às 21h (Conforme Turno);Equipamento público oficial da Prefeitura Municipal de Duque de Caxias vinculado ao setor de FUNDEC.;EXATA_ROOFTOP
rec_125;FUNDEC Posto Avançado Chacrinha;FUNDEC;1;Chacrinha;Rua General Mitre, s/nº;25075-000;;(21) 2672-5650;contato@fundec.rj.gov.br;-22.7719;-43.2872;;;Segunda a sexta-feira, das 07h às 21h (Conforme Turno);Equipamento público oficial da Prefeitura Municipal de Duque de Caxias vinculado ao setor de FUNDEC.;APROXIMADA
rec_126;FUNDEC Posto Avançado Corte Oito;FUNDEC;1;Corte Oito;Av. Presidente Kennedy, s/nº;25010-000;;(21) 2672-5650;contato@fundec.rj.gov.br;-22.789178;-43.310518;;;Segunda a sexta-feira, das 07h às 21h (Conforme Turno);Equipamento público oficial da Prefeitura Municipal de Duque de Caxias vinculado ao setor de FUNDEC.;LOGRADOURO_CENTRO
rec_127;FUNDEC Posto Avançado Igreja Metodista Wesleyana;FUNDEC;1;25 de Agosto;Rua Marechal Deodoro, s/nº;25071-190;;(21) 2672-5650;contato@fundec.rj.gov.br;-22.789454;-43.298442;;;Segunda a sexta-feira, das 07h às 21h (Conforme Turno);Equipamento público oficial da Prefeitura Municipal de Duque de Caxias vinculado ao setor de FUNDEC.;EXATA_ROOFTOP
rec_128;FUNDEC Unidade 25 de Agosto - CEDERJ;FUNDEC;1;25 de Agosto;Rua Professor José de Souza Herdy, nº 1160;25071-202;;(21) 2671-7000;contato@fundec.rj.gov.br;-22.789602;-43.306319;;;Segunda a sexta-feira, das 07h às 21h (Conforme Turno);Equipamento público oficial da Prefeitura Municipal de Duque de Caxias vinculado ao setor de FUNDEC.;EXATA_ROOFTOP
rec_129;FUNDEC Unidade Arnão;FUNDEC;1;Vila Operária;Rua Arnão, s/nº;25080-000;;(21) 2672-5650;contato@fundec.rj.gov.br;-22.78726;-43.31279;;;Segunda a sexta-feira, das 07h às 21h (Conforme Turno);Equipamento público oficial da Prefeitura Municipal de Duque de Caxias vinculado ao setor de FUNDEC.;APROXIMADA
rec_130;FUNDEC Unidade Capivari;FUNDEC;4;Capivari;Estrada de Capivari, s/nº;25245-000;;(21) 2672-5650;contato@fundec.rj.gov.br;-22.651655;-43.348052;;;Segunda a sexta-feira, das 07h às 21h (Conforme Turno);Equipamento público oficial da Prefeitura Municipal de Duque de Caxias vinculado ao setor de FUNDEC.;LOGRADOURO_CENTRO
rec_131;FUNDEC Unidade Chácara Rio Petrópolis;FUNDEC;2;Chácaras Rio-Petrópolis;Rua da Chácara, s/nº;25230-000;;(21) 2672-5650;contato@fundec.rj.gov.br;-22.746532;-43.338542;;;Segunda a sexta-feira, das 07h às 21h (Conforme Turno);Equipamento público oficial da Prefeitura Municipal de Duque de Caxias vinculado ao setor de FUNDEC.;LOGRADOURO_CENTRO
rec_132;FUNDEC Unidade Figueira;FUNDEC;2;Figueira;Estrada Velha do Pilar, s/nº;25233-000;;(21) 2672-5650;contato@fundec.rj.gov.br;-22.681035;-43.287806;;;Segunda a sexta-feira, das 07h às 21h (Conforme Turno);Equipamento público oficial da Prefeitura Municipal de Duque de Caxias vinculado ao setor de FUNDEC.;LOGRADOURO_CENTRO
rec_133;FUNDEC Unidade Gramacho;FUNDEC;1;Gramacho;Rua Pistoia, s/nº;25055-000;;(21) 2672-5650;contato@fundec.rj.gov.br;-22.757687;-43.283134;;;Segunda a sexta-feira, das 07h às 21h (Conforme Turno);Equipamento público oficial da Prefeitura Municipal de Duque de Caxias vinculado ao setor de FUNDEC.;LOGRADOURO_CENTRO
rec_134;FUNDEC Unidade Imbariê;FUNDEC;3;Imbariê;Av. Automóvel Clube, s/nº;25266-000;;(21) 2778-4300;contato@fundec.rj.gov.br;-22.622034;-43.229148;;;Segunda a sexta-feira, das 07h às 21h (Conforme Turno);Equipamento público oficial da Prefeitura Municipal de Duque de Caxias vinculado ao setor de FUNDEC.;LOGRADOURO_CENTRO
rec_135;FUNDEC Unidade Instituto Zeca Pagodinho;FUNDEC;4;Xerém;Rua Carlos Mateus, s/nº;25245-290;;(21) 3658-1000;zecapagodinho@fundec.rj.gov.br;-22.571738;-43.315869;;;Segunda a sexta-feira, das 07h às 21h (Conforme Turno);Equipamento público oficial da Prefeitura Municipal de Duque de Caxias vinculado ao setor de FUNDEC.;LOGRADOURO_CENTRO
rec_136;FUNDEC Unidade Jardim Gramacho;FUNDEC;1;Jardim Gramacho;Av. Pistoia, s/nº;25055-110;;(21) 2672-5650;contato@fundec.rj.gov.br;-22.757687;-43.283134;;;Segunda a sexta-feira, das 07h às 21h (Conforme Turno);Equipamento público oficial da Prefeitura Municipal de Duque de Caxias vinculado ao setor de FUNDEC.;LOGRADOURO_CENTRO
rec_137;FUNDEC Unidade Jardim Primavera;FUNDEC;2;Jardim Primavera;Alameda Dona Esmeralda, nº 206;25215-260;;(21) 2773-5500;contato@fundec.rj.gov.br;-22.685413;-43.28418;hub_1;Centro Cívico / Paço Municipal (Prefeitura);Segunda a sexta-feira, das 07h às 21h (Conforme Turno);Equipamento público oficial da Prefeitura Municipal de Duque de Caxias vinculado ao setor de FUNDEC.;EXATA_ROOFTOP
rec_138;FUNDEC Unidade Pantanal;FUNDEC;2;Pantanal;Rua Pantanal, s/nº;25215-000;;(21) 2672-5650;contato@fundec.rj.gov.br;-22.796372;-43.309001;;;Segunda a sexta-feira, das 07h às 21h (Conforme Turno);Equipamento público oficial da Prefeitura Municipal de Duque de Caxias vinculado ao setor de FUNDEC.;LOGRADOURO_CENTRO
rec_139;FUNDEC Unidade Parque Beira Mar;FUNDEC;1;Parque Beira Mar;Rua Francisco Alves, s/nº;25085-000;;(21) 2672-5650;contato@fundec.rj.gov.br;-22.791982;-43.289551;;;Segunda a sexta-feira, das 07h às 21h (Conforme Turno);Equipamento público oficial da Prefeitura Municipal de Duque de Caxias vinculado ao setor de FUNDEC.;LOGRADOURO_CENTRO
rec_140;FUNDEC Unidade Parque das Missões;FUNDEC;1;Parque das Missões;Rua Principal, s/nº;25080-000;;(21) 2672-5650;contato@fundec.rj.gov.br;-22.8069;-43.2822;;;Segunda a sexta-feira, das 07h às 21h (Conforme Turno);Equipamento público oficial da Prefeitura Municipal de Duque de Caxias vinculado ao setor de FUNDEC.;APROXIMADA
rec_141;FUNDEC Unidade Parque Lafaiete;FUNDEC;1;Parque Lafaiete;Rua Otávio Carneiro, s/nº;25020-000;;(21) 2672-5650;contato@fundec.rj.gov.br;-22.761484;-43.322159;;;Segunda a sexta-feira, das 07h às 21h (Conforme Turno);Equipamento público oficial da Prefeitura Municipal de Duque de Caxias vinculado ao setor de FUNDEC.;LOGRADOURO_CENTRO
rec_142;FUNDEC Unidade Periquito;FUNDEC;1;Periquitos;Rua Periquito, s/nº;25070-000;;(21) 2672-5650;contato@fundec.rj.gov.br;-22.719512;-43.341139;;;Segunda a sexta-feira, das 07h às 21h (Conforme Turno);Equipamento público oficial da Prefeitura Municipal de Duque de Caxias vinculado ao setor de FUNDEC.;LOGRADOURO_CENTRO
rec_143;FUNDEC Unidade Pilar;FUNDEC;2;Pilar;Estrada do Pilar, s/nº;25233-000;;(21) 2672-5650;contato@fundec.rj.gov.br;-22.705969;-43.292097;;;Segunda a sexta-feira, das 07h às 21h (Conforme Turno);Equipamento público oficial da Prefeitura Municipal de Duque de Caxias vinculado ao setor de FUNDEC.;LOGRADOURO_CENTRO
rec_144;FUNDEC Unidade Prof. Nelson Vena Cordeiro;FUNDEC;1;Centro;Av. Presidente Kennedy, s/nº;25010-000;;(21) 2672-5650;contato@fundec.rj.gov.br;-22.789178;-43.310518;;;Segunda a sexta-feira, das 07h às 21h (Conforme Turno);Equipamento público oficial da Prefeitura Municipal de Duque de Caxias vinculado ao setor de FUNDEC.;LOGRADOURO_CENTRO
rec_145;FUNDEC Unidade Santa Cruz da Serra;FUNDEC;3;Santa Cruz da Serra;Av. Automóvel Clube, s/nº;25260-000;;(21) 2675-1200;contato@fundec.rj.gov.br;-22.622034;-43.229148;;;Segunda a sexta-feira, das 07h às 21h (Conforme Turno);Equipamento público oficial da Prefeitura Municipal de Duque de Caxias vinculado ao setor de FUNDEC.;LOGRADOURO_CENTRO
rec_146;FUNDEC Unidade Tamoio;FUNDEC;1;Vila Operária;Rua Tamoio, s/nº;25080-000;;(21) 2672-5650;contato@fundec.rj.gov.br;-22.76983;-43.337769;;;Segunda a sexta-feira, das 07h às 21h (Conforme Turno);Equipamento público oficial da Prefeitura Municipal de Duque de Caxias vinculado ao setor de FUNDEC.;LOGRADOURO_CENTRO
rec_147;FUNDEC Unidade Vila Ideal;FUNDEC;1;Vila Ideal;Rua General Mitre, s/nº;25075-000;;(21) 2672-5650;contato@fundec.rj.gov.br;-22.79447;-43.300541;;;Segunda a sexta-feira, das 07h às 21h (Conforme Turno);Equipamento público oficial da Prefeitura Municipal de Duque de Caxias vinculado ao setor de FUNDEC.;LOGRADOURO_CENTRO
rec_148;FUNDEC Unidade Vila Operária;FUNDEC;1;Vila Operária;Rua Central, s/nº;25080-000;;(21) 2672-5650;contato@fundec.rj.gov.br;-22.78726;-43.31279;;;Segunda a sexta-feira, das 07h às 21h (Conforme Turno);Equipamento público oficial da Prefeitura Municipal de Duque de Caxias vinculado ao setor de FUNDEC.;APROXIMADA
rec_149;FUNDEC — Instituto John Huss;FUNDEC;4;Xerém;Rua John Huss, s/nº;25245-000;;(21) 2672-5650;contato@fundec.rj.gov.br;-22.721119;-43.317393;;;Segunda a sexta-feira, das 07h às 21h (Conforme Turno);Equipamento público oficial da Prefeitura Municipal de Duque de Caxias vinculado ao setor de FUNDEC.;LOGRADOURO_CENTRO
rec_150;FUNDEC — Polo de Marcenaria Renovart;FUNDEC;1;Parque Duque;Av. Brigadeiro Lima e Silva, nº 131;25085-131;;(21) 2672-5650;marcenaria@fundec.rj.gov.br;-22.800674;-43.292367;hub_2;Edifício Barão de Mauá / Polo Parque Duque;Segunda a sexta-feira, das 07h às 21h (Conforme Turno);Equipamento público oficial da Prefeitura Municipal de Duque de Caxias vinculado ao setor de FUNDEC.;EXATA_ROOFTOP
rec_151;FUNDEC — Cisco Networking Academy;FUNDEC;1;Parque Duque;Av. Brigadeiro Lima e Silva, nº 131;25085-131;;(21) 2672-5650;cisco@fundec.rj.gov.br;-22.800674;-43.292367;hub_2;Edifício Barão de Mauá / Polo Parque Duque;Segunda a sexta-feira, das 07h às 21h (Conforme Turno);Equipamento público oficial da Prefeitura Municipal de Duque de Caxias vinculado ao setor de FUNDEC.;EXATA_ROOFTOP
rec_152;SECRETARIA MUNICIPAL DE EDUCAÇÃO;Educação (SMEDC);1;25 de Agosto;Rua Prefeito José Carlos Lacerda, n° 1424 Bairro 25 de Agosto Duque de Caxias -;-;;-;smedc@duquedecaxias.rj.gov.br;-22.7898;-43.309;;;Segunda a Sexta, 08:00 às 17:00;Responsável pela gestão das escolas municipais...;APROXIMADA
rec_353;CRAS Centenário;Assistência Social (SEASDIH);1;Centenário;Rua Manoel Vieira, S/N;25030-100;;(21) 3774-2782;cras.centenario@duquedecaxias.rj.gov.br;-22.7759;-43.3158;hub_1;Centro Cívico / Paço Municipal (Prefeitura);Segunda a sexta-feira, das 8h às 17h;Garante a proteção social básica, CadÚnico e suporte preventivo continuado às famílias moradoras do bairro Centenário.;APROXIMADA
rec_354;CRAS Beira Mar;Assistência Social (SEASDIH);1;Beira Mar;Rua Francisco Alves, S/N – Beira Mar;25085-060;;(21) 2671-1595;cras.beiramar@duquedecaxias.rj.gov.br;-22.791982;-43.289551;;;Segunda a sexta-feira, das 8h às 17h;Unidade pública descentralizada da proteção social básica do SUAS, responsável pela prevenção de vulnerabilidades e pelo fortalecimento de vínculos familiares no bairro Beira Mar.;LOGRADOURO_CENTRO
rec_355;CRAS Gramacho;Assistência Social (SEASDIH);1;Centro;Av. Presidente Kennedy, 2327 – Centro;25010-009;;(21) 2672-6650;cras.gramacho@duquedecaxias.rj.gov.br;-22.789178;-43.310518;;;Segunda a sexta-feira, das 8h às 17h;Desenvolve ações de proteção social básica voltadas ao acolhimento e à promoção social das famílias no Gramacho.;LOGRADOURO_CENTRO
rec_356;CRAS Jardim Gramacho;Assistência Social (SEASDIH);1;Jardim Gramacho;Av. Pistóia, S/N – Próx. ao CIEP 218;25055-320;;(21) 3659-2550;cras.jdgramacho@duquedecaxias.rj.gov.br;-22.757687;-43.283134;;;Segunda a sexta-feira, das 8h às 17h;Atua ativamente prestando assistência social básica e CadÚnico para a população em risco social de Jardim Gramacho.;LOGRADOURO_CENTRO
rec_357;CRAS Maria José;Assistência Social (SEASDIH);1;Engenho do Porto;Rua Pinto Lira, S/N – Engenho do Porto;25010-180;;(21) 2671-1199;cras.mariajose@duquedecaxias.rj.gov.br;-22.791644;-43.317342;;;Segunda a sexta-feira, das 8h às 17h;Presta assistência básica e acolhimento para superação de vulnerabilidades sociais no bairro Engenho do Porto e arredores.;LOGRADOURO_CENTRO
rec_358;CRAS Figueira;Assistência Social (SEASDIH);2;Figueira;Av. Washington Luiz, S/N – Próximo à E.M. Walter Russo;25230-000;;(21) 3654-0401;cras.figueira@duquedecaxias.rj.gov.br;-22.799296;-43.290352;;;Segunda a sexta-feira, das 8h às 17h;Unidade de assistência básica para prevenção de riscos sociais e apoio às famílias no bairro da Figueira, por meio de acolhimento e inserção em programas sociais.;APROXIMADA
rec_359;CRAS Jardim Primavera;Assistência Social (SEASDIH);2;Jardim Primavera;Av. Marquês de Baependi, S/N;25215-285;;(21) 2773-8889;cras.jdprimavera@duquedecaxias.rj.gov.br;-22.6892;-43.2587;;;Segunda a sexta-feira, das 8h às 17h;Presta atendimento socioassistencial continuado focado na proteção social básica em Jardim Primavera.;APROXIMADA
rec_360;CRAS Pilar;Assistência Social (SEASDIH);2;Pilar;Av. Presidente Kennedy, Lt 10 Qd 46;25233-000;;(21) 2773-5976;cras.pilar@duquedecaxias.rj.gov.br;-22.752069;-43.305299;;;Segunda a sexta-feira, das 8h às 17h;Unidade socioassistencial de proteção social básica do SUAS voltada ao acolhimento dos moradores do bairro Pilar.;EXATA_ROOFTOP
rec_361;CRAS Imbariê;Assistência Social (SEASDIH);3;Imbariê;Rua Goindira, 54;25265-000;;(21) 2787-0144;cras.imbarie@duquedecaxias.rj.gov.br;-22.638542;-43.218057;;;Segunda a sexta-feira, das 8h às 17h;Oferece acolhimento inicial, orientação sobre benefícios federais/municipais e oficinas de fortalecimento familiar no bairro de Imbariê.;EXATA_ROOFTOP
rec_362;CRAS Parada Angélica;Assistência Social (SEASDIH);3;Parada Angélica;Rua Florianinho, S/N;25272-400;;(21) 2778-9988;cras.paradaangelica@duquedecaxias.rj.gov.br;-22.6185;-43.203;;;Segunda a sexta-feira, das 8h às 17h;Espaço de proteção social básica em Parada Angélica, prestando serviços essenciais do Cadastro Único e acompanhamento às famílias.;APROXIMADA
rec_363;CRAS Parada Morabi;Assistência Social (SEASDIH);3;Jardim Anhangá;Av. Vitória, S/N – Jd. Anhangá;25264-320;;(21) 2778-7711;cras.morabi@duquedecaxias.rj.gov.br;-22.6593;-43.2308;;;Segunda a sexta-feira, das 8h às 17h;Atuação local descentralizada na região de Parada Morabi / Jardim Anhangá, com foco na superação de vulnerabilidade social e fortalecimento familiar.;APROXIMADA
rec_364;CRAS Vila Maria Helena;Assistência Social (SEASDIH);2;Vila Maria Helena;Rua Antenor Resende, 100 – Vila Mª Helena;25245-290;;(21) 2776-8440;cras.mariahelena@duquedecaxias.rj.gov.br;-22.662626;-43.283566;;;Segunda a sexta-feira, das 8h às 17h;Garante o acesso aos serviços socioassistenciais do SUAS, promovendo prevenção social para as famílias do bairro Maria Helena.;EXATA_ROOFTOP
rec_365;CRAS Xerém;Assistência Social (SEASDIH);4;Vila Nossa Senhora das Graças;Av. Nóbrega Ribeiro, 15 – Vila N. Srª das Graças;25250-000;;(21) 2679-1693;cras.xerem@duquedecaxias.rj.gov.br;-22.601683;-43.291926;;;Segunda a sexta-feira, das 8h às 17h;Polo descentralizado em Xerém para garantir assistência social básica, CadÚnico e suporte preventivo à comunidade local.;EXATA_ROOFTOP
rec_366;CREAS Centenário;Assistência Social (SEASDIH);1;Centenário;Rua Manoel Vieira, S/N – Centenário;25030-100;;(21) 2771-2879;creas.centenario@duquedecaxias.rj.gov.br;-22.782899;-43.313334;hub_1;Centro Cívico / Paço Municipal (Prefeitura);Segunda a sexta-feira, das 8h às 17h;Unidade pública especializada de proteção social de média complexidade, voltada a famílias e indivíduos com direitos violados no Centenário.;APROXIMADA
rec_367;CREAS Figueira;Assistência Social (SEASDIH);2;Figueira;Estrada Velha do Pilar, S/N – Figueira;25230-000;;(21) 2773-2342;creas.figueira@duquedecaxias.rj.gov.br;-22.799296;-43.290352;;;Segunda a sexta-feira, das 8h às 17h;Desenvolve ações de proteção especial voltadas a apoiar psicossocialmente pessoas e famílias que sofreram violência física, abuso ou negligência.;APROXIMADA
rec_368;CREAS Vila Maria Helena;Assistência Social (SEASDIH);2;Vila Maria Helena;Rua Antenor Resende, 100 – Vila Mª Helena;25245-290;;(21) 2676-1032;creas.mariahelena@duquedecaxias.rj.gov.br;-22.662626;-43.283566;;;Segunda a sexta-feira, das 8h às 17h;Unidade especializada da rede SUAS focada no suporte a indivíduos em situação de risco ou com direitos violados no bairro Vila Maria Helena.;EXATA_ROOFTOP
rec_369;CREAS Parada Angélica;Assistência Social (SEASDIH);3;Parada Angélica;Rua Florianinho, s/nº;25272-560;;(21) 2778-3344;creas.paradaangelica@duquedecaxias.rj.gov.br;-22.6185;-43.203;;;Segunda a sexta-feira, das 09h às 17h;Equipamento público oficial da Prefeitura Municipal de Duque de Caxias vinculado ao setor de Assistência Social (SEASDIH).;APROXIMADA
rec_370;Casa da Mulher Caxiense;Assistência Social (SEASDIH);2;Jardim Primavera;Alameda Rui Barbosa, Qd 17, Lote 8 – Jd. Primavera;25215-220;;(21) 2773-1896;mulhercaxiense@duquedecaxias.rj.gov.br;-22.683906;-43.281417;;;Segunda a sexta-feira, das 9h às 17h;Instituição municipal que desenvolve o empoderamento feminino e acolhimento socioassistencial, fornecendo oficinas e apoio terapêutico.;EXATA_ROOFTOP
rec_371;CEAM Vera Lúcia;Assistência Social (SEASDIH);1;Jardim 25 de Agosto;Rua Professor José de Souza Herdy, 878;25071-110;;(21) 2671-8899;ceam.veralucia@duquedecaxias.rj.gov.br;-22.790951;-43.303628;;;Segunda a sexta-feira, das 9h às 17h;Centro especializado de atendimento social, psicológico e jurídico para mulheres em situação de violência doméstica e familiar de gênero.;EXATA_ROOFTOP
rec_372;CEAM Idacilde;Assistência Social (SEASDIH);2;Jardim Primavera;Alameda Rui Barbosa, Lote 8, Quadra 17 – Jd. Primavera;25215-220;;(21) 2773-6300;ceam.idacilde@duquedecaxias.rj.gov.br;-22.683906;-43.281417;;;Segunda a sexta-feira, das 9h às 17h;Centro especializado no atendimento e acolhimento de mulheres em situação de vulnerabilidade e violência de gênero na região de Jardim Primavera.;EXATA_ROOFTOP
rec_373;CEAM Parada Angélica;Assistência Social (SEASDIH);3;Parada Angélica;Rua Florianinho, s/nº;25272-560;;(21) 2778-9900;ceam.paradaangelica@duquedecaxias.rj.gov.br;-22.6185;-43.203;;;Segunda a sexta-feira, das 09h às 17h;Equipamento público oficial da Prefeitura Municipal de Duque de Caxias vinculado ao setor de Assistência Social (SEASDIH).;APROXIMADA
rec_374;Centro de Convivência do Idoso;Assistência Social (SEASDIH);1;Centenário;Rua Manoel Vieira, S/N – Centenário;25030-100;;(21) 3653-3597;idoso@duquedecaxias.rj.gov.br;-22.779429;-43.312669;hub_1;Centro Cívico / Paço Municipal (Prefeitura);Segunda a sexta-feira, das 8h às 17h;Unidade de convivência ativa para idosos, desenvolvendo socialização, oficinas de artesanato, atividade física e lazer no Centenário.;LOGRADOURO_CENTRO
rec_375;Centro de Referência do Homem;Assistência Social (SEASDIH);2;Jardim Primavera;Rua Vicente Celestino, 615 – Jd. Primavera;25215-080;;(21) 2773-5500;homem@duquedecaxias.rj.gov.br;-22.68926;-43.25883;;;Segunda a sexta-feira, das 8h às 17h;Espaço voltado ao acompanhamento psicológico, social e de cidadania do homem, incluindo grupos reflexivos e saúde preventiva.;EXATA_ROOFTOP
rec_376;Restaurante do Povo de Duque de Caxias;Assistência Social (SEASDIH);1;Centro;Rua Frei Fidélis, s/nº;25010-090;;(21) 2672-6650;;-22.793376;-43.310059;;;Segunda a sexta-feira, das 09h às 17h;Equipamento público oficial da Prefeitura Municipal de Duque de Caxias vinculado ao setor de Assistência Social (SEASDIH).;LOGRADOURO_CENTRO
rec_377;Conselho Tutelar 1º Distrito;Assistência Social (SEASDIH);1;Centenário;Rua Manoel Vieira, S/N – Centenário;25030-100;;(21) 2671-8966;conselhotutelar1@duquedecaxias.rj.gov.br;-22.779429;-43.312669;;;Segunda a sexta-feira, das 8h às 17h (Plantão 24h);Órgão protetivo autônomo encarregado de zelar pelos direitos de crianças e adolescentes da 1ª Região Administrativa de Duque de Caxias.;LOGRADOURO_CENTRO
rec_378;Conselho Tutelar 2º Distrito;Assistência Social (SEASDIH);2;Jardim Primavera;Alameda Rui Barbosa, 234 – Jd. Primavera;25215-220;;(21) 3654-0205;conselhotutelar2@duquedecaxias.rj.gov.br;-22.682391;-43.281706;hub_1;Centro Cívico / Paço Municipal (Prefeitura);Segunda a sexta-feira, das 8h às 17h (Plantão 24h);Órgão de defesa infanto-juvenil encarregado de assegurar o cumprimento do ECA na região do 2º Distrito de Duque de Caxias.;EXATA_ROOFTOP
rec_379;Conselho Tutelar 3º Distrito;Assistência Social (SEASDIH);3;Parque Equitativa;Rua Londres, 33 – Parque Equitativa;25261-000;;(21) 2672-4827;conselhotutelar3@duquedecaxias.rj.gov.br;-22.63702;-43.269442;;;Segunda a sexta-feira, das 8h às 17h (Plantão 24h);Órgão de defesa de direitos da infância e juventude na área correspondente ao 3º Distrito (Imbariê/Santa Cruz da Serra).;EXATA_ROOFTOP
rec_380;Conselho Tutelar 4º Distrito;Assistência Social (SEASDIH);4;Xerém;Alameda Mª Belbiana, 10 – Xerém;25250-000;;(21) 3777-1024;conselhotutelar4@duquedecaxias.rj.gov.br;-22.6339;-43.2674;;;Segunda a sexta-feira, das 8h às 17h (Plantão 24h);Zela e defende a garantia de direitos de crianças e adolescentes no 4º Distrito (Xerém e sub-regiões).;APROXIMADA
rec_381;GABINETE DO PREFEITO (PAÇO MUNICIPAL);Secretarias e Órgãos;2;Xerém;Av. Nóbrega Ribeiro, 15 – Xerém;25250-000;Paço Municipal (Prefeitura);(21) 2772-7200;prefeito.duquedecaxias@gmail.com;-22.601683;-43.291926;hub_1;Centro Cívico / Paço Municipal (Prefeitura);Segunda a sexta-feira, das 8h às 17h;Posto de identificação civil descentralizado do DETRAN RJ no 4º Distrito, facilitando o acesso ao registro de cidadania.;EXATA_ROOFTOP
rec_382;Sede Histórica / 25 de Agosto;Segurança, Subprefeituras e Cultura;1;Jardim Primavera;Alameda Xavier Filho - Jardim Primavera;25215-310;;(21) 2773-6200;atendimento@duquedecaxias.rj.gov.br;-22.683724;-43.284474;hub_1;Centro Cívico / Paço Municipal (Prefeitura);Segunda a sexta-feira, das 09h às 17h;Unidade especializada pioneira de Duque de Caxias para o tratamento médico de pequenos animais domésticos (cães e gatos), com foco na população de baixa renda.;LOGRADOURO_CENTRO
rec_383;Secretaria Municipal de Segurança Pública;Segurança, Subprefeituras e Cultura;1;25 de Agosto;Praça Gov. Roberto Silveira, 31 - 4º andar;25070-005;;(21) 2676-9600;seguranca@duquedecaxias.rj.gov.br;-22.787303;-43.296262;hub_1;Centro Cívico / Paço Municipal (Prefeitura);Segunda a Sexta, 08:00 às 17:00;A Secretaria de Segurança Pública tem como missão...;EXATA_ROOFTOP
rec_384;Guarda Municipal de Duque de Caxias;Segurança, Subprefeituras e Cultura;1;25 de Agosto;Rua Coronel João Teles, s/nº (anexo Vila Olímpica);25071-210;;153 / (21) 2676-9600;guardamunicipal@duquedecaxias.rj.gov.br;-22.781669;-43.308962;;;Segunda a sexta-feira, das 09h às 17h;Equipamento público oficial da Prefeitura Municipal de Duque de Caxias vinculado ao setor de Segurança, Subprefeituras e Cultura.;EXATA_ROOFTOP
rec_385;Subsecretaria de Defesa Civil;Segurança, Subprefeituras e Cultura;1;Parque Duque;R. Silva Fernandes, 170;25085-015;;199 / (21) 2676-4444;defesacivil@duquedecaxias.rj.gov.br;-22.798989;-43.294264;;;Segunda a sexta-feira, das 09h às 17h;Equipamento público oficial da Prefeitura Municipal de Duque de Caxias vinculado ao setor de Segurança, Subprefeituras e Cultura.;EXATA_ROOFTOP
rec_386;Departamento de Trânsito e Engenharia Viária;Segurança, Subprefeituras e Cultura;1;25 de Agosto;Rua Major Frazão, 181 - 4º andar;25071-210;;(21) 2672-8800;transito@duquedecaxias.rj.gov.br;-22.789537;-43.30672;;;Segunda a sexta-feira, das 09h às 17h;Equipamento público oficial da Prefeitura Municipal de Duque de Caxias vinculado ao setor de Segurança, Subprefeituras e Cultura.;EXATA_ROOFTOP
rec_387;Superintendência de Proteção aos Animais;Segurança, Subprefeituras e Cultura;2;Jardim Primavera;Alameda Bartolomeu Gusmão, 85;25215-320;;(21) 2773-5500;protecaoanimal@duquedecaxias.rj.gov.br;-22.776467;-43.33359;hub_1;Centro Cívico / Paço Municipal (Prefeitura);Segunda a sexta-feira, das 09h às 17h;Equipamento público oficial da Prefeitura Municipal de Duque de Caxias vinculado ao setor de Segurança, Subprefeituras e Cultura.;EXATA_ROOFTOP
rec_388;Subprefeitura do 2º Distrito;Segurança, Subprefeituras e Cultura;2;Campos Elíseos;Rodovia Washington Luiz, Km 113;25225-015;;(21) 2776-1234;sub2@duquedecaxias.rj.gov.br;-22.711588;-43.287075;;;Segunda a sexta-feira, das 09h às 17h;Equipamento público oficial da Prefeitura Municipal de Duque de Caxias vinculado ao setor de Segurança, Subprefeituras e Cultura.;LOGRADOURO_CENTRO
rec_389;Subprefeitura do 3º Distrito;Segurança, Subprefeituras e Cultura;3;Imbariê;Av. Automóvel Clube, nº 1500;25266-000;;(21) 2778-4321;sub3@duquedecaxias.rj.gov.br;-22.637443;-43.26922;;;Segunda a sexta-feira, das 09h às 17h;Equipamento público oficial da Prefeitura Municipal de Duque de Caxias vinculado ao setor de Segurança, Subprefeituras e Cultura.;EXATA_ROOFTOP
rec_390;Subprefeitura do 4º Distrito (Xerém);Segurança, Subprefeituras e Cultura;4;Xerém;Estrada Rio-D'Ouro, nº 120;25272-000;;(21) 3658-1000;sub4@duquedecaxias.rj.gov.br;-22.56668;-43.307846;;;Segunda a sexta-feira, das 09h às 17h;Equipamento público oficial da Prefeitura Municipal de Duque de Caxias vinculado ao setor de Segurança, Subprefeituras e Cultura.;EXATA_ROOFTOP
rec_391;Teatro Municipal Raul Cortez;Segurança, Subprefeituras e Cultura;1;Centro;Praça do Pacificador, s/nº;25010-000;;(21) 2771-4682;teatro@duquedecaxias.rj.gov.br;-22.787881;-43.310379;;;Segunda a sexta-feira, das 09h às 17h;Equipamento público oficial da Prefeitura Municipal de Duque de Caxias vinculado ao setor de Segurança, Subprefeituras e Cultura.;LOGRADOURO_CENTRO
rec_392;Museu Ciência e Vida;Segurança, Subprefeituras e Cultura;1;25 de Agosto;Rua Aílton da Costa, s/nº;25071-160;;(21) 2671-7797;museu@duquedecaxias.rj.gov.br;-22.788694;-43.306946;;;Segunda a sexta-feira, das 09h às 17h;Equipamento público oficial da Prefeitura Municipal de Duque de Caxias vinculado ao setor de Segurança, Subprefeituras e Cultura.;EXATA_ROOFTOP
rec_393;Biblioteca Pública Leonel de Moura Brizola;Segurança, Subprefeituras e Cultura;1;Centro;Praça do Pacificador, s/nº;25010-000;;(21) 2771-4682;biblioteca@duquedecaxias.rj.gov.br;-22.787881;-43.310379;;;Segunda a sexta-feira, das 09h às 17h;Equipamento público oficial da Prefeitura Municipal de Duque de Caxias vinculado ao setor de Segurança, Subprefeituras e Cultura.;LOGRADOURO_CENTRO
rec_394;Vila Olímpica de Duque de Caxias;Segurança, Subprefeituras e Cultura;1;25 de Agosto;Rua Coronel João Teles, s/nº;25071-210;;(21) 2676-9600;vilaolimpica@duquedecaxias.rj.gov.br;-22.781669;-43.308962;;;Segunda a sexta-feira, das 09h às 17h;Equipamento público oficial da Prefeitura Municipal de Duque de Caxias vinculado ao setor de Segurança, Subprefeituras e Cultura.;EXATA_ROOFTOP
rec_395;Serviço Residencial Terapêutico Anhangá;Segurança, Subprefeituras e Cultura;3;Jardim Anhangá;Rua Pacoti, 450;25266-000;;Acolhimento em Saúde Mental;saude@duquedecaxias.rj.gov.br;-22.647204;-43.230992;;;Segunda a sexta-feira, das 09h às 17h;Equipamento público oficial da Prefeitura Municipal de Duque de Caxias vinculado ao setor de Segurança, Subprefeituras e Cultura.;EXATA_ROOFTOP
rec_396;Serviço Residencial Terapêutico Lafaiete;Segurança, Subprefeituras e Cultura;1;Parque Lafaiete;Rua Araruama, 353;25020-000;;Acolhimento em Saúde Mental;saude@duquedecaxias.rj.gov.br;-22.791383;-43.326408;;;Segunda a sexta-feira, das 09h às 17h;Equipamento público oficial da Prefeitura Municipal de Duque de Caxias vinculado ao setor de Segurança, Subprefeituras e Cultura.;EXATA_ROOFTOP
rec_397;Hospital Municipal Veterinário;Segurança, Subprefeituras e Cultura;2;Jardim Primavera;Alameda Xavier Filho, s/nº;25215-260;;(21) 2773-5500;veterinario@duquedecaxias.rj.gov.br;-22.683724;-43.284474;;;Atendimento 24 Horas Ininterrupto;Equipamento público oficial da Prefeitura Municipal de Duque de Caxias vinculado ao setor de Segurança, Subprefeituras e Cultura.;LOGRADOURO_CENTRO
rec_398;Fazenda Paraíso (Centro de Tratamento e Convivência);Segurança, Subprefeituras e Cultura;4;Xerém;Estrada Taboleiro - Xerém;25250-000;;(21) 3658-1000;fazendaparaiso@duquedecaxias.rj.gov.br;-22.587452;-43.305322;;;Segunda a sexta-feira, das 09h às 17h;Espaço terapêutico e comunidade para o acolhimento, desintoxicação e reinserção social de dependentes químicos graves em ambiente rural produtivo.;APROXIMADA
rec_399;GABINETE DA VICE-PREFEITA;Secretarias e Órgãos;2;Jardim Primavera;Alameda Esmeralda, 206 – Jardim Primavera – Duque de Caxias – RJ – CEP 25.215-260;25.215-260;Paço Municipal (Prefeitura);(21) 2772-7200;viceprefeitaalinedoaureo@gmail.com;-22.685413;-43.28418;hub_1;Centro Cívico / Paço Municipal (Prefeitura);Segunda a sexta-feira, das 09h às 17h;Equipamento público oficial da Prefeitura Municipal de Duque de Caxias vinculado ao setor de Secretarias e Órgãos.;EXATA_ROOFTOP
rec_400;SECRETARIA MUNICIPAL DE ATENÇÃO À PESSOA COM DEFICIÊNCIA;Secretarias e Órgãos;1;Parque Lafaiete;Rua Bernardino Machado, 946 – Parque Lafaiete – Duque de Caxias – RJ – CEP 25.015-440;25.015-440;;(21) 2772-7200;contato@duquedecaxias.rj.gov.br;-22.794327;-43.32749;;;Segunda a sexta-feira, das 09h às 17h;Equipamento público oficial da Prefeitura Municipal de Duque de Caxias vinculado ao setor de Secretarias e Órgãos.;EXATA_ROOFTOP
rec_401;SECRETARIA MUNICIPAL DE CONTROLE INTERNO (SECOIN);Secretarias e Órgãos;2;Jardim Primavera;Alameda Esmeralda, 206 – Jardim Primavera – Duque de Caxias – RJ – CEP 25.215-260;25.215-260;Paço Municipal (Prefeitura);(21) 2772-7200;secoin@duquedecaxias.rj.gov.br;-22.685413;-43.28418;hub_1;Centro Cívico / Paço Municipal (Prefeitura);Segunda a sexta-feira, das 09h às 17h;Equipamento público oficial da Prefeitura Municipal de Duque de Caxias vinculado ao setor de Secretarias e Órgãos.;EXATA_ROOFTOP
rec_402;SECRETARIA MUNICIPAL DA CRIANÇA, ADOLESCENTE E IDOSO (SMCAI);Secretarias e Órgãos;1;25 de Agosto;Rua Major Frazão, 52 – Jardim 25 de Agosto – Duque de Caxias – RJ – CEP 25.071-210;25.071-210;;(21) 98410-5189;vereadoraleide@gmail.com;-22.789127;-43.30666;hub_12;Polo Cívico e Histórico da 25 de Agosto;Segunda a sexta-feira, das 09h às 17h;Equipamento público oficial da Prefeitura Municipal de Duque de Caxias vinculado ao setor de Secretarias e Órgãos.;EXATA_ROOFTOP
rec_403;SECRETARIA MUNICIPAL DE DESENVOLVIMENTO ECONÔMICO (SMDE);Secretarias e Órgãos;1;Parque Santa Marta;Rua Marta de Souza Renha, 9 – Parque Santa Marta – Duque de Caxias – RJ – CEP 25.085-390;25.085-390;;(21) 92012-2310;gabinete.smde@gmail.com;-22.794805;-43.289417;;;Segunda a sexta-feira, das 09h às 17h;Equipamento público oficial da Prefeitura Municipal de Duque de Caxias vinculado ao setor de Secretarias e Órgãos.;EXATA_ROOFTOP
rec_404;SECRETARIA MUNICIPAL DE HABITAÇÃO (SMH);Secretarias e Órgãos;2;Jardim Primavera;Alameda Bartolomeu Gusmão, 85 – Jardim Primavera – Duque de Caxias – RJ – CEP 25.215-320;25.215-320;;(21) 96557-7062;smh@duquedecaxias.rj.gov.br;-22.776467;-43.33359;hub_7;Polo Integrado Jardim Primavera — Bartolomeu Gusmão;Segunda a Sexta, 08:00 às 17:00;A Secretaria Municipal de Habitação é responsável...;EXATA_ROOFTOP
rec_405;SECRETARIA MUNICIPAL DE AÇÃO COMUNITÁRIA (SEMAC);Secretarias e Órgãos;1;Centro;Avenida Dr. Plínio Casado, s/n (Mergulhão) – Centro – Duque de Caxias – RJ – CEP 25.020-010;25.020-010;Mergulhão de Duque de Caxias;(21) 2772-7200;semac.pmdc@gmail.com;-22.782838;-43.308854;;;Segunda a sexta-feira, das 09h às 17h;Equipamento público oficial da Prefeitura Municipal de Duque de Caxias vinculado ao setor de Secretarias e Órgãos.;EXATA_ROOFTOP
rec_esc_1;CIEP Brizolão Municipalizado 120 - Monteiro Lobato;Educação (SMEDC);2;São Judas Tadeu;Rodovia Washington Luiz - SN – São Judas Tadeu – Duque de Caxias – RJ;25265008;Direção: FERNANDO LUIS VIEIRA | INEP: 33049670;(21) 2671-6612;ciep2.monteirolobato@smeduquedecaxias.rj.gov.br;-22.661;-43.2853;;;Segunda a sexta-feira, das 07h às 21h (Conforme Turno);Equipamento público oficial da Prefeitura Municipal de Duque de Caxias vinculado ao setor de Educação (SMEDC).;APROXIMADA
rec_esc_2;CIEP Municipalizado 015 - Henrique de Souza Filho Henfil;Educação (SMEDC);3;Parque Paulista;Avenida 31 de Março - 88 – Parque Paulista – Duque de Caxias – RJ;25261160;Direção: MARCUS PAULO SILVA DE LIMA | INEP: 33050406;(21) 972856261;ciep3.henfil@smeduquedecaxias.rj.gov.br;-22.657946;-43.254319;;;Segunda a sexta-feira, das 07h às 21h (Conforme Turno);Equipamento público oficial da Prefeitura Municipal de Duque de Caxias vinculado ao setor de Educação (SMEDC).;LOGRADOURO_CENTRO
rec_esc_3;CIEP Municipalizado 097 - Carlos Chagas;Educação (SMEDC);1;Vila Sarapuí;Avenida Perimetral República do Paraguai - s/n – Vila Sarapuíí – Duque de Caxias – RJ;25050100;Direção: MARLI VIANA | INEP: 33048290;(21) 36581905;ciep1.carloschagas@smeduquedecaxias.rj.gov.br;-22.749593;-43.299077;;;Segunda a sexta-feira, das 07h às 21h (Conforme Turno);Equipamento público oficial da Prefeitura Municipal de Duque de Caxias vinculado ao setor de Educação (SMEDC).;LOGRADOURO_CENTRO
rec_esc_4;CIEP Municipalizado 220 - Yolanda Borges;Educação (SMEDC);2;Chácaras Rio-Petrópolis;Av. Feliciano de Castilho - S/N – Chácara Rio - Petrópolis – Duque de Caxias – RJ;25231250;Direção: ISADORA ALVES GOMES | INEP: 33099251;(21) 36542111;ciep2.yolandaborges@smeduquedecaxias.rj.gov.br;-22.684197;-43.298679;;;Segunda a sexta-feira, das 07h às 21h (Conforme Turno);Equipamento público oficial da Prefeitura Municipal de Duque de Caxias vinculado ao setor de Educação (SMEDC).;LOGRADOURO_CENTRO
rec_esc_5;CIEP Municipalizado 227 - Procópio Ferreira;Educação (SMEDC);3;Nova Campinas;Avenida A - S/N – Nova Campinas – Duque de Caxias – RJ;25268010;Direção: ELAINE TORRES DA SILVA | INEP: 33103496;(21) 36537114;ciep3.procopio@smeduquedecaxias.rj.gov.br;-22.638017;-43.254613;;;Segunda a sexta-feira, das 07h às 21h (Conforme Turno);Equipamento público oficial da Prefeitura Municipal de Duque de Caxias vinculado ao setor de Educação (SMEDC).;APROXIMADA
rec_esc_6;CIEP Municipalizado 318 - Paulo Mendes Campos;Educação (SMEDC);2;Saracuruna;Av. Presidente Roosevelt - S/N – Saracuruna – Duque de Caxias – RJ;25212390;Direção: RENATA BERSOT MANHAES | INEP: 33099260;(21) 27733773;ciep2.paulomendescampos@smeduquedecaxias.rj.gov.br;-22.673372;-43.25791;;;Segunda a sexta-feira, das 07h às 21h (Conforme Turno);Equipamento público oficial da Prefeitura Municipal de Duque de Caxias vinculado ao setor de Educação (SMEDC).;LOGRADOURO_CENTRO
rec_esc_7;CIEP Municipalizado 319 - Oduvaldo Viana Filho;Educação (SMEDC);3;Jardim Anhangá;Avenida Hélio de Oliveira - S/N – Jardim Anhangá – Duque de Caxias – RJ;25264350;Direção: KATIA DE ARAUJO CHAGAS | INEP: 33101680;(21) 36560583;ciep3.oduvaldo@smeduquedecaxias.rj.gov.br;-22.650831;-43.231508;;;Segunda a sexta-feira, das 07h às 21h (Conforme Turno);Equipamento público oficial da Prefeitura Municipal de Duque de Caxias vinculado ao setor de Educação (SMEDC).;LOGRADOURO_CENTRO
rec_esc_8;CIEP Municipalizado 328 - Marie Curie;Educação (SMEDC);2;Chácaras Arcampo;Rua Sergipe - SN – Chácara Arcampo - Vila Maria elena – Duque de Caxias – RJ;25221030;Direção: ROSA PAULA ROSA CUNHA | INEP: 33104999;(21) 27785889;ciep2.mariecurie@smeduquedecaxias.rj.gov.br;-22.6628;-43.2603;;;Segunda a sexta-feira, das 07h às 21h (Conforme Turno);Equipamento público oficial da Prefeitura Municipal de Duque de Caxias vinculado ao setor de Educação (SMEDC).;APROXIMADA
rec_esc_9;CIEP Municipalizado 330 - Maria da Glória Corrêa Lemos;Educação (SMEDC);3;Santa Lúcia;Avenida Automóvel Clube - Km 56 – Santa Lúcia – Duque de Caxias – RJ;25272030;Direção: CLEIDE DA SILVA DE CARVALHO | INEP: 33101094;(21) 36503890;ciep3.mariadagloria@smeduquedecaxias.rj.gov.br;-22.619293;-43.208755;;;Segunda a sexta-feira, das 07h às 21h (Conforme Turno);Equipamento público oficial da Prefeitura Municipal de Duque de Caxias vinculado ao setor de Educação (SMEDC).;LOGRADOURO_CENTRO
rec_esc_10;CIEP Municipalizado 338 - Célia Rabelo;Educação (SMEDC);4;Xerém;Rua Enéas Frutuoso - S/N – XERÉM – Duque de Caxias – RJ;25245410;Direção: VIVIANE ROSANA PEIXOTO DA COSTA | INEP: 33099782;(21) 997394054;ciep4.celiarabelo@smeduquedecaxias.rj.gov.br;-22.573695;-43.313127;;;Segunda a sexta-feira, das 07h às 21h (Conforme Turno);Equipamento público oficial da Prefeitura Municipal de Duque de Caxias vinculado ao setor de Educação (SMEDC).;LOGRADOURO_CENTRO
rec_esc_11;CIEP Municipalizado 405 - Ministro Santiago Dantas;Educação (SMEDC);1;Vila Itamarati;Rua Primeiro de Maio - 159 – Vila Itamarati – Duque de Caxias – RJ;25070440;Direção: ANNE ALESSANDRA DE ANDRADE E SILVA | INEP: 33097070;(21) 26712386;ciep1.santiagodantas@smeduquedecaxias.rj.gov.br;-22.775169;-43.304084;;;Segunda a sexta-feira, das 07h às 21h (Conforme Turno);Equipamento público oficial da Prefeitura Municipal de Duque de Caxias vinculado ao setor de Educação (SMEDC).;LOGRADOURO_CENTRO
rec_esc_12;CIEP Municipalizado 407 - Neusa Goulart Brizola;Educação (SMEDC);3;Parada Angélica;Rua Real da Estrela - S/N – Parada Angélica – Duque de Caxias – RJ;25272230;Direção: SAMYRA HARB LISBOA | INEP: 33099170;(21) 0;ciep3.neusabrizola@smeduquedecaxias.rj.gov.br;-22.624917;-43.20372;;;Segunda a sexta-feira, das 07h às 21h (Conforme Turno);Equipamento público oficial da Prefeitura Municipal de Duque de Caxias vinculado ao setor de Educação (SMEDC).;LOGRADOURO_CENTRO
rec_esc_13;Creche Comunitária Nossa Senhora das Graças;Educação (SMEDC);1;Vila Ideal;Rua Professor Mota Sobrinho - 28 – Vila Ideal – Duque de Caxias – RJ;25010470;INEP: 88;(21) 2671-6612;assessoriadecomunicacao@smeduquedecaxias.rj.gov.br;-22.79502;-43.315465;;;Segunda a sexta-feira, das 07h às 21h (Conforme Turno);Equipamento público oficial da Prefeitura Municipal de Duque de Caxias vinculado ao setor de Educação (SMEDC).;LOGRADOURO_CENTRO
rec_esc_14;Creche Erenilda Faria Ferreira de Oliveira;Educação (SMEDC);1;Parque Santa Marta;Rua Souza Renha - 29 – Parque Santa Marta – Duque de Caxias – RJ;25085210;INEP: 818181;(21) 2671-6612;creche1.erenildafariaferreiradeoliveira@smeduquedecaxias.rj.gov.br;-22.795192;-43.290432;;;Segunda a sexta-feira, das 07h às 21h (Conforme Turno);Equipamento público oficial da Prefeitura Municipal de Duque de Caxias vinculado ao setor de Educação (SMEDC).;LOGRADOURO_CENTRO
rec_esc_15;Creche Municial Elzy Ferreira da Silva;Educação (SMEDC);2;São Bento;Rua Benjamin da Rocha Júnior - 415 – São Bento – Duque de Caxias – RJ;25045010;INEP: 70070;(21) 2671-6612;assessoriadecomunicacao@smeduquedecaxias.rj.gov.br;-22.724519;-43.31156;;;Segunda a sexta-feira, das 07h às 21h (Conforme Turno);Equipamento público oficial da Prefeitura Municipal de Duque de Caxias vinculado ao setor de Educação (SMEDC).;LOGRADOURO_CENTRO
rec_esc_16;Creche Municipal Abne Marques de Abreu;Educação (SMEDC);1;Vila Centenário;Rua Boa Viagem - S/N – Vila Centenário – Duque de Caxias – RJ;25030300;Direção: MILENE DO NASCIMENTO MOREIRA | INEP: 33445257;(21) 975337600;creche1.abne@smeduquedecaxias.rj.gov.br;-22.772205;-43.320309;;;Segunda a sexta-feira, das 07h às 21h (Conforme Turno);Equipamento público oficial da Prefeitura Municipal de Duque de Caxias vinculado ao setor de Educação (SMEDC).;APROXIMADA
rec_esc_17;Creche Municipal Elisa Mathias de Araújo;Educação (SMEDC);1;Parque Felicidade;Rua Paulo Biar - SN – Parque Felicidade – Duque de Caxias – RJ;25080420;Direção: DIEGO TAVARES DO NASCIMENTO | INEP: 33446229;(21) 987782601;creche1.elisamathias@smeduquedecaxias.rj.gov.br;-22.78742;-43.29565;;;Segunda a sexta-feira, das 07h às 21h (Conforme Turno);Equipamento público oficial da Prefeitura Municipal de Duque de Caxias vinculado ao setor de Educação (SMEDC).;APROXIMADA
rec_esc_18;Creche Municipal Fábio Tenório Cavalcanti;Educação (SMEDC);2;Vila Santo Antônio;Rua Vicente Guerrero - s/n – Vila Santo Antônio – Duque de Caxias – RJ;25040570;Direção: LETICIA DE SOUZA GONCALVES | INEP: 33202168;(21) 2671-6612;creche2.fabiotenorio@smeduquedecaxias.rj.gov.br;-22.746252;-43.320571;;;Segunda a sexta-feira, das 07h às 21h (Conforme Turno);Equipamento público oficial da Prefeitura Municipal de Duque de Caxias vinculado ao setor de Educação (SMEDC).;LOGRADOURO_CENTRO
rec_esc_19;Creche Municipal Hydekel de Freitas Lima;Educação (SMEDC);1;Vila Ideal;Rua Sargento Belmont de Oliveira - 55 – Vila Ideal – Duque de Caxias – RJ;25010480;INEP: 33553237;(21) 2671-6612;creche1.hydekel@smeduquedecaxias.rj.gov.br;-22.793409;-43.314685;;;Segunda a sexta-feira, das 07h às 21h (Conforme Turno);Equipamento público oficial da Prefeitura Municipal de Duque de Caxias vinculado ao setor de Educação (SMEDC).;LOGRADOURO_CENTRO
rec_esc_20;Creche Municipal Jussara Queiroz Leitão;Educação (SMEDC);1;Jardim Leal;Avenida Perimetral Pedro Lessa - 0 – Jardim Leal – Duque de Caxias – RJ;25035800;INEP: 555;(21) 2671-6612;assessoriadecomunicacao@smeduquedecaxias.rj.gov.br;-22.758356;-43.315405;;;Segunda a sexta-feira, das 07h às 21h (Conforme Turno);Equipamento público oficial da Prefeitura Municipal de Duque de Caxias vinculado ao setor de Educação (SMEDC).;LOGRADOURO_CENTRO
rec_esc_21;Creche Municipal Katia Núbia Reis;Educação (SMEDC);4;Parque Xerém;Estrada Carlos Mateus - 95 – Parque Xerém – Duque de Caxias – RJ;25245620;INEP: 808080;(21) 2671-6612;assessoriadecomunicacao@smeduquedecaxias.rj.gov.br;-22.571738;-43.315869;;;Segunda a sexta-feira, das 07h às 21h (Conforme Turno);Equipamento público oficial da Prefeitura Municipal de Duque de Caxias vinculado ao setor de Educação (SMEDC).;LOGRADOURO_CENTRO
rec_esc_22;Creche Municipal Lucia de Fatima Bomfim de Castro e Silva;Educação (SMEDC);1;Jardim Vinte e Cinco de Agosto;Rua Mariz e Barros - 594 – Jardim Vinte e Cinco de Agosto – Duque de Caxias – RJ;25071051;Direção: MARCELO DE JESUS PEREIRA | INEP: 33199159;(21) 975336610;creche1.luciadefatima@smeduquedecaxias.rj.gov.br;-22.78912;-43.30008;;;Segunda a sexta-feira, das 07h às 21h (Conforme Turno);Equipamento público oficial da Prefeitura Municipal de Duque de Caxias vinculado ao setor de Educação (SMEDC).;APROXIMADA
rec_esc_23;Creche Municipal Maria Emília de Oliveira;Educação (SMEDC);1;Vila Centenário;Rua Doutor Furquim Mendes - s/n – Vila Centenário – Duque de Caxias – RJ;25030170;INEP: 828282;(21) 2671-6612;assessoriadecomunicacao@smeduquedecaxias.rj.gov.br;-22.774635;-43.31388;;;Segunda a sexta-feira, das 07h às 21h (Conforme Turno);Equipamento público oficial da Prefeitura Municipal de Duque de Caxias vinculado ao setor de Educação (SMEDC).;LOGRADOURO_CENTRO
rec_esc_24;Creche Municipal Profª João de Oliveira;Educação (SMEDC);1;Centro;Rua Manuel Vieira - S/N – Centro – Duque de Caxias – RJ;25020210;Direção: DEBORA GUEDES DOS ANJOS | INEP: 33048606;(21) 26747177;creche1.joaodeoliveira@smeduquedecaxias.rj.gov.br;-22.779429;-43.312669;;;Segunda a sexta-feira, das 07h às 21h (Conforme Turno);Equipamento público oficial da Prefeitura Municipal de Duque de Caxias vinculado ao setor de Educação (SMEDC).;LOGRADOURO_CENTRO
rec_esc_25;Creche Municipal Zelina Penido da Rosa;Educação (SMEDC);2;Jardim Primavera;Rua Professor Hélio Rangel - s/n – Jardim Primavera – Duque de Caxias – RJ;25223190;Direção: DERIS DANIELA NASCIMENTO DE SOUZA | INEP: 33201730;(21) 964780481;creche2.zelinapenido@smeduquedecaxias.rj.gov.br;-22.69197;-43.25461;;;Segunda a sexta-feira, das 07h às 21h (Conforme Turno);Equipamento público oficial da Prefeitura Municipal de Duque de Caxias vinculado ao setor de Educação (SMEDC).;LOGRADOURO_CENTRO
rec_esc_26;Creche e Centro de Atendimento a Infância Caxiense - Amapá;Educação (SMEDC);4;Amapá;Rua Dalila - 8 – AMAPÁ – Duque de Caxias – RJ;25235460;Direção: ROSANE CAPISTRANO MAXIMO FERREIRA | INEP: 33144133;(21) 997041532;ccaic4.amapa@smeduquedecaxias.rj.gov.br;-22.676698;-43.355312;;;Segunda a sexta-feira, das 07h às 21h (Conforme Turno);Equipamento público oficial da Prefeitura Municipal de Duque de Caxias vinculado ao setor de Educação (SMEDC).;LOGRADOURO_CENTRO
rec_esc_27;Creche e Centro de Atendimento a Infância Caxiense - Campos Elíseos;Educação (SMEDC);2;Campos Elíseos;Rua Ricardo Xavier da Silveira - 04 – Campos Elíseos – Duque de Caxias – RJ;25225040;Direção: RENATA VIEIRA BATISTA | INEP: 33158193;(21) 27760268;ccaic2.camposeliseos@smeduquedecaxias.rj.gov.br;-22.707263;-43.274491;;;Segunda a sexta-feira, das 07h às 21h (Conforme Turno);Equipamento público oficial da Prefeitura Municipal de Duque de Caxias vinculado ao setor de Educação (SMEDC).;LOGRADOURO_CENTRO
rec_esc_28;Creche e Centro de Atendimento a Infância Caxiense - Jardim Anhangá;Educação (SMEDC);3;Jardim Anhangá;Avenida Amaro Martins - 22 – Jardim Anhangá – Duque de Caxias – RJ;25264015;Direção: MARIANE GUEDES XAVIER | INEP: 33151741;(21) 2671-6612;ccaic3.jdanhanga@smeduquedecaxias.rj.gov.br;-22.644727;-43.233814;;;Segunda a sexta-feira, das 07h às 21h (Conforme Turno);Equipamento público oficial da Prefeitura Municipal de Duque de Caxias vinculado ao setor de Educação (SMEDC).;LOGRADOURO_CENTRO
rec_esc_29;Creche e Centro de Atendimento a Infância Caxiense - Jardim Gramacho;Educação (SMEDC);1;Jardim Gramacho;Rua Paracatu - QD 84 – Jardim Gramacho – Duque de Caxias – RJ;25055110;Direção: DANIELLE NASCIMENTO DA SILVA | INEP: 33151733;(21) 964543059;ccaic1.jdgramacho@smeduquedecaxias.rj.gov.br;-22.756409;-43.279189;;;Segunda a sexta-feira, das 07h às 21h (Conforme Turno);Equipamento público oficial da Prefeitura Municipal de Duque de Caxias vinculado ao setor de Educação (SMEDC).;LOGRADOURO_CENTRO
rec_esc_30;Creche e Centro de Atendimento a Infância Caxiense - Olavo Bilac;Educação (SMEDC);1;Olavo Bilac;Rua Leverger - 193 – Olavo Bilac – Duque de Caxias – RJ;25036190;Direção: DENISE DE SOUZA FREIRE | INEP: 33151717;(21) 27725404;ccaic1.bilac@smeduquedecaxias.rj.gov.br;-22.763676;-43.319328;;;Segunda a sexta-feira, das 07h às 21h (Conforme Turno);Equipamento público oficial da Prefeitura Municipal de Duque de Caxias vinculado ao setor de Educação (SMEDC).;LOGRADOURO_CENTRO
rec_esc_31;Creche e Centro de Atendimento a Infância Caxiense - Parque Muísa;Educação (SMEDC);2;São Bento;Avenida Governador Leonel de Moura Brizola - 9422 – São Bento – Duque de Caxias – RJ;25045002;Direção: PATRICIA CAITANO DA SILVA | INEP: 33151709;(21) 26993184;ccaic2.pqmuisa@smeduquedecaxias.rj.gov.br;-22.800298;-43.305318;;;Segunda a sexta-feira, das 07h às 21h (Conforme Turno);Equipamento público oficial da Prefeitura Municipal de Duque de Caxias vinculado ao setor de Educação (SMEDC).;LOGRADOURO_CENTRO
rec_esc_32;Creche e Centro de Atendimento a Infância Caxiense - Xerém;Educação (SMEDC);4;Pedreira;Rua Enéas Frutuoso - 134 – Pedreira - Xerém – Duque de Caxias – RJ;25245410;Direção: LILIANE GUARINO AMORIM | INEP: 33151725;(21) 36585262;ccaic4.xerem@smeduquedecaxias.rj.gov.br;-22.573695;-43.313127;;;Segunda a sexta-feira, das 07h às 21h (Conforme Turno);Equipamento público oficial da Prefeitura Municipal de Duque de Caxias vinculado ao setor de Educação (SMEDC).;LOGRADOURO_CENTRO
rec_esc_33;Creche e Escola Municipal Bairro Tabuleiro;Educação (SMEDC);4;Tabuleiro;Estrada do Tabuleiro - S/N – Tabuleiro – Duque de Caxias – RJ;25245750;Direção: RAQUEL BENTO DA SILVA | INEP: 33051038;(21) 37677557;escola4.tabuleiro@smeduquedecaxias.rj.gov.br;-22.633661;-43.250882;;;Segunda a sexta-feira, das 07h às 21h (Conforme Turno);Equipamento público oficial da Prefeitura Municipal de Duque de Caxias vinculado ao setor de Educação (SMEDC).;APROXIMADA
rec_esc_34;Creche e Escola Municipal Dona Leda Granja Victer;Educação (SMEDC);3;Nova Campinas;Avenida A - S/N – Nova Campinas – Duque de Caxias – RJ;25268010;Direção: ILMA GONCALVES DA SILVA | INEP: 33190070;(21) 2671-6612;creche3.ledavicter@smeduquedecaxias.rj.gov.br;-22.641555;-43.253618;;;Segunda a sexta-feira, das 07h às 21h (Conforme Turno);Equipamento público oficial da Prefeitura Municipal de Duque de Caxias vinculado ao setor de Educação (SMEDC).;LOGRADOURO_CENTRO
rec_esc_35;Creche e Escola Municipal Dr Álvaro Alberto;Educação (SMEDC);1;Vila Meriti;Rua Deputado Romeiro Júnior - 273 – Vila Meriti – Duque de Caxias – RJ;25020110;Direção: RITA DE CASSIA FERREIRA COUTINHO ANAPURUS | INEP: 33049106;(21) 27716591;escola1.alvaroalberto@smeduquedecaxias.rj.gov.br;-22.78433;-43.311276;;;Segunda a sexta-feira, das 07h às 21h (Conforme Turno);Equipamento público oficial da Prefeitura Municipal de Duque de Caxias vinculado ao setor de Educação (SMEDC).;LOGRADOURO_CENTRO
rec_esc_36;Creche e Escola Municipal Gandur Assed;Educação (SMEDC);1;Parque das Missões;Rua 01 - 2 – Parque das Missões – Duque de Caxias – RJ;25086450;Direção: ADRIANA TOLEDO COELHO CAVALCANTE | INEP: 33221600;(21) 31055335;creche1.gandur@smeduquedecaxias.rj.gov.br;-22.642709;-43.277824;;;Segunda a sexta-feira, das 07h às 21h (Conforme Turno);Equipamento público oficial da Prefeitura Municipal de Duque de Caxias vinculado ao setor de Educação (SMEDC).;LOGRADOURO_CENTRO
rec_esc_37;Creche e Escola Municipal Profªª Maria Anger Dias Guarino;Educação (SMEDC);2;Campos Elíseos;Rua Pedro Toledo - 9 – Campos Elíseos – Duque de Caxias – RJ;25225430;Direção: DANIELLE SOARES DO NASCIMENTO | INEP: 33094837;(21) 2671-6612;escola2.mariaanger@smeduquedecaxias.rj.gov.br;-22.698486;-43.281841;;;Segunda a sexta-feira, das 07h às 21h (Conforme Turno);Equipamento público oficial da Prefeitura Municipal de Duque de Caxias vinculado ao setor de Educação (SMEDC).;LOGRADOURO_CENTRO
rec_esc_38;Creche e Pré-Escola Municipal Ayrton Senna;Educação (SMEDC);2;Jardim Primavera;Rua C - 16 – Jardim Primavera – Duque de Caxias – RJ;25213183;Direção: NATHALIA NUNES CANTANHEDE | INEP: 33130183;(21) 971582370;creche2.ayrtonsenna@smeduquedecaxias.rj.gov.br;-22.678198;-43.27345;;;Segunda a sexta-feira, das 07h às 21h (Conforme Turno);Equipamento público oficial da Prefeitura Municipal de Duque de Caxias vinculado ao setor de Educação (SMEDC).;LOGRADOURO_CENTRO
rec_esc_39;Creche e Pré-Escola Municipal Joséé Ataíde da Silva;Educação (SMEDC);2;Chácaras Rio-Petrópolis;Av. Pitágoras - S/N – Chácara Rio-Petrópolis – Duque de Caxias – RJ;25231210;Direção: ROSANA CIPRIANO LAPA | INEP: 33195684;(21) 36542064;creche2.josesilva@smeduquedecaxias.rj.gov.br;-22.683386;-43.300883;;;Segunda a sexta-feira, das 07h às 21h (Conforme Turno);Equipamento público oficial da Prefeitura Municipal de Duque de Caxias vinculado ao setor de Educação (SMEDC).;LOGRADOURO_CENTRO
rec_esc_40;Creche e Pré-Escola Municipal Marluse Vicente da Silva;Educação (SMEDC);3;Parque Eldorado;Rua Pirangi - 300 – Parque Eldorado – Duque de Caxias – RJ;25240490;Direção: LUCIANE DOS SANTOS MARTINS | INEP: 33201722;(21) 2671-6612;creche2.marlusevicente@smeduquedecaxias.rj.gov.br;-22.641344;-43.297301;;;Segunda a sexta-feira, das 07h às 21h (Conforme Turno);Equipamento público oficial da Prefeitura Municipal de Duque de Caxias vinculado ao setor de Educação (SMEDC).;LOGRADOURO_CENTRO
rec_esc_41;Creche e Pré-Escola Municipal Profªª Rosalita da Silva Netto;Educação (SMEDC);3;Jardim Anhangá;Rua AQ - SN – Jardim Anhangá – Duque de Caxias – RJ;25264542;Direção: ISABELA BOLORINI JARA | INEP: 33191905;(21) 2671-6612;creche3.rosalitanetto@smeduquedecaxias.rj.gov.br;-22.645269;-43.23742;;;Segunda a sexta-feira, das 07h às 21h (Conforme Turno);Equipamento público oficial da Prefeitura Municipal de Duque de Caxias vinculado ao setor de Educação (SMEDC).;LOGRADOURO_CENTRO
rec_esc_42;Creche e Pré-escola Municipal Benízio Joséé da Silva;Educação (SMEDC);1;Parque Senhor do Bonfim;Rua da Mina - S/N – Parque Senhor do Bonfim – Duque de Caxias – RJ;25025050;Direção: ANDREIA COSTA DA SILVA DE OLIVEIRA | INEP: 33139741;(21) 26748652;creche1.benizio@smeduquedecaxias.rj.gov.br;-22.777466;-43.320366;;;Segunda a sexta-feira, das 07h às 21h (Conforme Turno);Equipamento público oficial da Prefeitura Municipal de Duque de Caxias vinculado ao setor de Educação (SMEDC).;LOGRADOURO_CENTRO
rec_esc_43;Creche e Pré-escola Municipal Comunitária São Sebastião;Educação (SMEDC);1;Vila São Luís;Rua Expedicionário José Amaro - 1353 – Vila São Luís – Duque de Caxias – RJ;25065090;Direção: ROSIMERI RIBEIRO | INEP: 33048592;(21) 27838368;creche1.saosebastiao@smeduquedecaxias.rj.gov.br;-22.766503;-43.288503;;;Segunda a sexta-feira, das 07h às 21h (Conforme Turno);Equipamento público oficial da Prefeitura Municipal de Duque de Caxias vinculado ao setor de Educação (SMEDC).;LOGRADOURO_CENTRO
rec_esc_44;Creche e Pré-escola Municipal Deputado Joséé Carlos Coutinho;Educação (SMEDC);3;Jardim Anhangá;Rodovia Rio Magé - 14 – Jardim Anhangá – Duque de Caxias – RJ;25264665;Direção: ELAINE CRISTINA CARDOSO FINTELMAN XAVIER | INEP: 33196303;(21) 977479062;creche3.josecoutinho@smeduquedecaxias.rj.gov.br;-22.651457;-43.238134;;;Segunda a sexta-feira, das 07h às 21h (Conforme Turno);Equipamento público oficial da Prefeitura Municipal de Duque de Caxias vinculado ao setor de Educação (SMEDC).;LOGRADOURO_CENTRO
rec_esc_45;Creche e Pré-escola Municipal Graciesse Luiza Silva Lourenço;Educação (SMEDC);1;Doutor Laureano;Avenida Leandro da Mota - 159 – Doutor Laureano – Duque de Caxias – RJ;25060190;Direção: BARBARA SILVA DE LUCENA | INEP: 33447284;(21) 36514955;creche1.graciesse@smeduquedecaxias.rj.gov.br;-22.767516;-43.295229;;;Segunda a sexta-feira, das 07h às 21h (Conforme Turno);Equipamento público oficial da Prefeitura Municipal de Duque de Caxias vinculado ao setor de Educação (SMEDC).;APROXIMADA
rec_esc_46;Creche e Pré-escola Municipal Iracy Moreira Theodoro;Educação (SMEDC);1;Prainha;Rua Alcantara - S/N – Prainha – Duque de Caxias – RJ;25015580;Direção: MICHELE SIQUEIRA RIBEIRO COMINOTI | INEP: 33221413;(21) 37775189;creche1.iracy@smeduquedecaxias.rj.gov.br;-22.643125;-43.297405;;;Segunda a sexta-feira, das 07h às 21h (Conforme Turno);Equipamento público oficial da Prefeitura Municipal de Duque de Caxias vinculado ao setor de Educação (SMEDC).;LOGRADOURO_CENTRO
rec_esc_47;Creche e Pré-escola Municipal Irmã Arnalda da Silva Neves;Educação (SMEDC);3;Taquara;Estrada Cachoeira das Dores - 1693 – Taquara – Duque de Caxias – RJ;25275130;Direção: LUCIANA VIANA DE AZEVEDO | INEP: 33445265;(21) 27873121;creche3.irmaarnalda@smeduquedecaxias.rj.gov.br;-22.6112;-43.23816;;;Segunda a sexta-feira, das 07h às 21h (Conforme Turno);Equipamento público oficial da Prefeitura Municipal de Duque de Caxias vinculado ao setor de Educação (SMEDC).;APROXIMADA
rec_esc_48;Creche e Pré-escola Municipal Jornalista Susana Naspolini;Educação (SMEDC);2;Campos Elíseos;Avenida Actura - S/N – Campos Elíseos – Duque de Caxias – RJ;25225210;Direção: CLAUDIA BELO DA SILVA | INEP: 33195676;(21) 957847575;creche2.susananaspolini@smeduquedecaxias.rj.gov.br;-22.7058;-43.2717;;;Segunda a sexta-feira, das 07h às 21h (Conforme Turno);Equipamento público oficial da Prefeitura Municipal de Duque de Caxias vinculado ao setor de Educação (SMEDC).;APROXIMADA
rec_esc_49;Creche e Pré-escola Municipal Maria Joséé da Conceição;Educação (SMEDC);1;Jardim Leal;Rua Viçosa - S/N – Jardim Leal – Duque de Caxias – RJ;25035330;Direção: LUCIANA BARBOSA FERNANDES | INEP: 33221227;(21) 2671-6612;creche1.mariajosedaconceicao@smeduquedecaxias.rj.gov.br;-22.75525;-43.31316;;;Segunda a sexta-feira, das 07h às 21h (Conforme Turno);Equipamento público oficial da Prefeitura Municipal de Duque de Caxias vinculado ao setor de Educação (SMEDC).;APROXIMADA
rec_esc_50;Creche e Pré-escola Municipal Monsenhor Librelotto;Educação (SMEDC);3;Imbariê;Rua Y - 110 – Imbariê – Duque de Caxias – RJ;25271020;Direção: PRISCILA ANDRADE MALINOSKY | INEP: 33050473;(21) 966415590;creche3.librelotto@smeduquedecaxias.rj.gov.br;-22.63089;-43.218871;;;Segunda a sexta-feira, das 07h às 21h (Conforme Turno);Equipamento público oficial da Prefeitura Municipal de Duque de Caxias vinculado ao setor de Educação (SMEDC).;LOGRADOURO_CENTRO
rec_esc_51;Creche e Pré-escola Municipal Parteira Odete Maria de Oliveira;Educação (SMEDC);1;Olavo Bilac;Rua Aristides Caire - S/N – Olavo Bilac – Duque de Caxias – RJ;25035170;Direção: ANA PAULA DOS SANTOS BANDEIRA | INEP: 33153604;(21) 964019766;creche1.parteiraodete@smeduquedecaxias.rj.gov.br;-22.76882;-43.322307;;;Segunda a sexta-feira, das 07h às 21h (Conforme Turno);Equipamento público oficial da Prefeitura Municipal de Duque de Caxias vinculado ao setor de Educação (SMEDC).;LOGRADOURO_CENTRO
rec_esc_52;Creche e Pré-escola Municipal Pequeno Guerreiro;Educação (SMEDC);1;Itatiaia;Rua 1º de Maio - 109 – Itatiaia – Duque de Caxias – RJ;25070440;Direção: PATRICIA COELHO DIAS | INEP: 33195714;(21) 988664316;creche1.pequenoguerreiro@smeduquedecaxias.rj.gov.br;-22.775406;-43.306;;;Segunda a sexta-feira, das 07h às 21h (Conforme Turno);Equipamento público oficial da Prefeitura Municipal de Duque de Caxias vinculado ao setor de Educação (SMEDC).;APROXIMADA
rec_esc_53;Creche e Pré-escola Municipal Poetisa Cecília Meireles;Educação (SMEDC);1;Sarapuí;Avenida Perimetral República do Paraguai - 120 – Sarapuíí – Duque de Caxias – RJ;25050100;Direção: SANDRA REGINA MONTEIRO | INEP: 33094845;(21) 965185716;creche1.ceciliameireles@smeduquedecaxias.rj.gov.br;-22.753412;-43.29458;;;Segunda a sexta-feira, das 07h às 21h (Conforme Turno);Equipamento público oficial da Prefeitura Municipal de Duque de Caxias vinculado ao setor de Educação (SMEDC).;LOGRADOURO_CENTRO
rec_esc_54;Creche e Pré-escola Municipal Profªª Armanda Álvaro Alberto;Educação (SMEDC);3;Nova Campinas;Avenida A - SN – Nova Campinas – Duque de Caxias – RJ;25265000;Direção: ROSEMARY COSTA PEREIRA ALVES | INEP: 33050465;(21) 26547861;creche3.armanda@smeduquedecaxias.rj.gov.br;-22.64662;-43.249414;;;Segunda a sexta-feira, das 07h às 21h (Conforme Turno);Equipamento público oficial da Prefeitura Municipal de Duque de Caxias vinculado ao setor de Educação (SMEDC).;APROXIMADA
rec_esc_55;Creche e Pré-escola Municipal Profªª Dalva Lazaroni de Moraes;Educação (SMEDC);3;Conjunto 22 de Abril;Rua B, L, V e Delta - SN – Conjunto 22 de Abril - Imbariê – Duque de Caxias – RJ;25271660;Direção: CRISSIA GIGLIO DA COSTA | INEP: 33195730;(21) 964542657;creche3.dalvalazaroni@smeduquedecaxias.rj.gov.br;-22.629391;-43.219004;;;Segunda a sexta-feira, das 07h às 21h (Conforme Turno);Equipamento público oficial da Prefeitura Municipal de Duque de Caxias vinculado ao setor de Educação (SMEDC).;LOGRADOURO_CENTRO
rec_esc_56;Creche e Pré-escola Municipal Profªª Jesuína de Fátima Andrade;Educação (SMEDC);2;Pilar;Rua Ester Quintela de Jesus - SN – PILAR – Duque de Caxias – RJ;25235010;Direção: FERNANDA MARTINS BORGES | INEP: 33139750;(21) 36543878;creche2.jesuinaandrade@smeduquedecaxias.rj.gov.br;-22.70881;-43.312999;;;Segunda a sexta-feira, das 07h às 21h (Conforme Turno);Equipamento público oficial da Prefeitura Municipal de Duque de Caxias vinculado ao setor de Educação (SMEDC).;LOGRADOURO_CENTRO
rec_esc_57;Creche e Pré-escola Municipal Profªª Laura D Aquino Longo;Educação (SMEDC);1;Olavo Bilac;Rua Curuçá - S/N – Olavo Bilac – Duque de Caxias – RJ;25035300;Direção: MARIA ANGELINA SEQUEIROS DA SILVA | INEP: 33153590;(21) 37774623;creche1.lauradaquino@smeduquedecaxias.rj.gov.br;-22.760811;-43.324167;;;Segunda a sexta-feira, das 07h às 21h (Conforme Turno);Equipamento público oficial da Prefeitura Municipal de Duque de Caxias vinculado ao setor de Educação (SMEDC).;LOGRADOURO_CENTRO
rec_esc_58;Creche e Pré-escola Municipal Profªª Maria Lucia Andrade Ribeiro;Educação (SMEDC);2;Chácaras Rio-Petrópolis;Av. Tereza Cristina - S/N – Chácara Rio-Petrópolis – Duque de Caxias – RJ;25230480;Direção: DENISE IBIAPINA MELO DE JESUS | INEP: 33158487;(21) 36564581;creche2.marialucia@smeduquedecaxias.rj.gov.br;-22.690532;-43.291552;;;Segunda a sexta-feira, das 07h às 21h (Conforme Turno);Equipamento público oficial da Prefeitura Municipal de Duque de Caxias vinculado ao setor de Educação (SMEDC).;LOGRADOURO_CENTRO
rec_esc_59;Creche e Pré-escola Municipal Profªª Marília da Silva Siqueira;Educação (SMEDC);4;Xerém;Estrada de Xerém - 27 – Xerém – Duque de Caxias – RJ;25245390;Direção: ALZIRA VARGAS DE OLIVEIRA GASPARELLI | INEP: 33221405;(21) 2671-6612;creche4.mariliasiqueira@smeduquedecaxias.rj.gov.br;-22.578348;-43.305458;;;Segunda a sexta-feira, das 07h às 21h (Conforme Turno);Equipamento público oficial da Prefeitura Municipal de Duque de Caxias vinculado ao setor de Educação (SMEDC).;LOGRADOURO_CENTRO
rec_esc_60;Creche e Pré-escola Municipal Profªª Rosa Angélica Fonseca de Oliveira;Educação (SMEDC);2;Pilar;Rua da Fortuna - 73 – Pilar – Duque de Caxias – RJ;25231250;Direção: PATRICIA CRISTINA PORTO CASTRO | INEP: 33444250;(21) 27730918;creche2.rosaangelica@smeduquedecaxias.rj.gov.br;-22.697232;-43.293994;;;Segunda a sexta-feira, das 07h às 21h (Conforme Turno);Equipamento público oficial da Prefeitura Municipal de Duque de Caxias vinculado ao setor de Educação (SMEDC).;LOGRADOURO_CENTRO
rec_esc_61;Creche e Pré-escola Municipal Severina dos Ramos da Silva;Educação (SMEDC);2;Chácaras Rio-Petrópolis;Av. Feliciano Castilho - S/N – Chácara Rio-Petrópolis – Duque de Caxias – RJ;25231250;INEP: 33446237;(21) 36542064;creche2.severinasilva@smeduquedecaxias.rj.gov.br;-22.684197;-43.298679;;;Segunda a sexta-feira, das 07h às 21h (Conforme Turno);Equipamento público oficial da Prefeitura Municipal de Duque de Caxias vinculado ao setor de Educação (SMEDC).;LOGRADOURO_CENTRO
rec_esc_62;Creche e Pré-escola Municipal Teresa de Lisieux;Educação (SMEDC);1;Vila Itamarati;Itabira - 575 – Vila Itamarati – Duque de Caxias – RJ;25070260;Direção: DEBORAH MELISSA NUNES GROETAERS | INEP: 33158479;(21) 26531230;creche1.teresalisieux@smeduquedecaxias.rj.gov.br;-22.777284;-43.301419;;;Segunda a sexta-feira, das 07h às 21h (Conforme Turno);Equipamento público oficial da Prefeitura Municipal de Duque de Caxias vinculado ao setor de Educação (SMEDC).;LOGRADOURO_CENTRO
rec_esc_63;Creche e Pré-escola Municipal Ubaldina Alves da Silva;Educação (SMEDC);1;Gramacho;Avenida Pistoia - SN – Gramacho – Duque de Caxias – RJ;25055052;Direção: LEIDE JANE SILVA DE ALMEIDA | INEP: 33442339;(21) 26993109;creche1.ubaldina@smeduquedecaxias.rj.gov.br;-22.75689;-43.28445;;;Segunda a sexta-feira, das 07h às 21h (Conforme Turno);Equipamento público oficial da Prefeitura Municipal de Duque de Caxias vinculado ao setor de Educação (SMEDC).;APROXIMADA
rec_esc_64;Creche e Pré-escola Municipal Vereador Joséé Carlos Theodoro;Educação (SMEDC);2;Parque Independência;Av. Presidente Roosevelt - S/N – Parque Independência - Saracuruna – Duque de Caxias – RJ;25212390;Direção: FATIMA AURORA DA CONCEICAO CORREIA | INEP: 33144095;(21) 26785472;creche2.josetheodoro@smeduquedecaxias.rj.gov.br;-22.673372;-43.25791;;;Segunda a sexta-feira, das 07h às 21h (Conforme Turno);Equipamento público oficial da Prefeitura Municipal de Duque de Caxias vinculado ao setor de Educação (SMEDC).;LOGRADOURO_CENTRO
rec_esc_65;E E M Alberto Santos Dumont;Educação (SMEDC);2;Saracuruna;Rua Petrolina - S/N – Saracuruna – Duque de Caxias – RJ;25211010;Direção: RENATA VEIGA DA SILVA AGUIAR | INEP: 33049939;(21) 27780882;escola2.santosdumont@smeduquedecaxias.rj.gov.br;-22.665017;-43.255418;;;Segunda a sexta-feira, das 07h às 21h (Conforme Turno);Equipamento público oficial da Prefeitura Municipal de Duque de Caxias vinculado ao setor de Educação (SMEDC).;LOGRADOURO_CENTRO
rec_esc_66;E E M Bairro California;Educação (SMEDC);2;Pilar;Rua Telcarin - S/N – Pilar – Duque de Caxias – RJ;25233260;Direção: ANA PAULA RODRIGUES DA SILVA DE SOUZA | INEP: 33049955;(21) 2671-6612;escola2.california@smeduquedecaxias.rj.gov.br;-22.708151;-43.302081;;;Segunda a sexta-feira, das 07h às 21h (Conforme Turno);Equipamento público oficial da Prefeitura Municipal de Duque de Caxias vinculado ao setor de Educação (SMEDC).;APROXIMADA
rec_esc_67;E E M Castro Alves;Educação (SMEDC);1;Vila Guanabara;Rua Guarani - 268 – Vila Guanabara – Duque de Caxias – RJ;25080250;Direção: CLAUDIA MARCIA BORGES DA SILVA DE SOUZA | INEP: 33048851;(21) 36736745;escola1.castroalves@smeduquedecaxias.rj.gov.br;-22.783881;-43.293518;;;Segunda a sexta-feira, das 07h às 21h (Conforme Turno);Equipamento público oficial da Prefeitura Municipal de Duque de Caxias vinculado ao setor de Educação (SMEDC).;LOGRADOURO_CENTRO
rec_esc_68;E E M General Tibúrcio;Educação (SMEDC);1;Doutor Laureano;Avenida Perimetral Doutor Juscelino Kubitschek de Oliveira - 4160 – Doutor Laureano – Duque de Caxias – RJ;25060200;Direção: RENATA CARNEVALE DE SOUZA | INEP: 33048894;(21) 2671-6612;escola1.tiburcio@smeduquedecaxias.rj.gov.br;-22.7677;-43.299539;;;Segunda a sexta-feira, das 07h às 21h (Conforme Turno);Equipamento público oficial da Prefeitura Municipal de Duque de Caxias vinculado ao setor de Educação (SMEDC).;LOGRADOURO_CENTRO
rec_esc_69;E E M Gustavo Armbrust;Educação (SMEDC);1;Olavo Bilac;Praça Otávio Carneiro - QD 39 – Olavo Bilac – Duque de Caxias – RJ;25036460;Direção: ISABEL CRISTINA DAS DORES GOMES TIBURCIO | INEP: 33048924;(21) 2671-6612;escola1.gustavoarmbrust@smeduquedecaxias.rj.gov.br;-22.7618;-43.3225;;;Segunda a sexta-feira, das 07h às 21h (Conforme Turno);Equipamento público oficial da Prefeitura Municipal de Duque de Caxias vinculado ao setor de Educação (SMEDC).;APROXIMADA
rec_esc_70;E E M Manoel Joaquim Salgueiro;Educação (SMEDC);1;Jardim Vinte e Cinco de Agosto;Rua Tuiuti - 257 – Jardim Vinte e Cinco de Agosto – Duque de Caxias – RJ;25070390;Direção: PATRICIA CAVALCANTE DOS SANTOS ANDRADE | INEP: 33048967;(21) 2671-6612;escola1.joaquimsalgueiro@smeduquedecaxias.rj.gov.br;-22.785638;-43.307161;;;Segunda a sexta-feira, das 07h às 21h (Conforme Turno);Equipamento público oficial da Prefeitura Municipal de Duque de Caxias vinculado ao setor de Educação (SMEDC).;LOGRADOURO_CENTRO
rec_esc_71;E E M Marechal Mascarenhas de Moraes;Educação (SMEDC);2;Bom Retiro;Estrada Belmont - S/N – Bom Retiro – Duque de Caxias – RJ;25223540;Direção: ANA PAULA MENEZES ANDRADE | INEP: 33050007;(21) 27733358;escola2.mascarenhasdemoraes@smeduquedecaxias.rj.gov.br;-22.793213;-43.314472;;;Segunda a sexta-feira, das 07h às 21h (Conforme Turno);Equipamento público oficial da Prefeitura Municipal de Duque de Caxias vinculado ao setor de Educação (SMEDC).;LOGRADOURO_CENTRO
rec_esc_72;E E M Oswaldo Cruz;Educação (SMEDC);1;Parque Lafaiete;Estrada da Covanca - 446 – Parque Lafaiete – Duque de Caxias – RJ;25025500;Direção: MONICA BARBOZA GUEDES | INEP: 33048983;(21) 26744435;escola1.oswaldocruz@smeduquedecaxias.rj.gov.br;-22.786253;-43.327187;;;Segunda a sexta-feira, das 07h às 21h (Conforme Turno);Equipamento público oficial da Prefeitura Municipal de Duque de Caxias vinculado ao setor de Educação (SMEDC).;LOGRADOURO_CENTRO
rec_esc_73;E E M Profªª Maria de Araújo da Silva;Educação (SMEDC);3;Taquara;Rua General Francisco Lima e Silva - S/N – Taquara – Duque de Caxias – RJ;25275070;Direção: ROBERTA ROSA DOS SANTOS RIBEIRO | INEP: 33050562;(21) 27876439;escola3.mariadearaujo@smeduquedecaxias.rj.gov.br;-22.616241;-43.235651;;;Segunda a sexta-feira, das 07h às 21h (Conforme Turno);Equipamento público oficial da Prefeitura Municipal de Duque de Caxias vinculado ao setor de Educação (SMEDC).;LOGRADOURO_CENTRO
rec_esc_74;E E M Profªª Mariana Nunes Passos;Educação (SMEDC);4;Barreiro;Rua da Felicidade - 35 – Barreiro – Duque de Caxias – RJ;25253017;Direção: FABIA MOREIRA SILVA | INEP: 33050821;(21) 976187092;escola4.mariananpassos@smeduquedecaxias.rj.gov.br;-22.665081;-43.293301;;;Segunda a sexta-feira, das 07h às 21h (Conforme Turno);Equipamento público oficial da Prefeitura Municipal de Duque de Caxias vinculado ao setor de Educação (SMEDC).;LOGRADOURO_CENTRO
rec_esc_75;E E M Sergipe;Educação (SMEDC);4;Xerém;Praça do Xerém - 22 – XERÉM – Duque de Caxias – RJ;25245700;Direção: MARCIA GALARANI DO NASCIMENTO | INEP: 33050830;(21) 39003193;escola4.sergipe@smeduquedecaxias.rj.gov.br;-22.5693;-43.3129;;;Segunda a sexta-feira, das 07h às 21h (Conforme Turno);Equipamento público oficial da Prefeitura Municipal de Duque de Caxias vinculado ao setor de Educação (SMEDC).;APROXIMADA
rec_esc_76;E E M Tancredo Neves;Educação (SMEDC);3;Parque Eldorado;Rua Dr. Josias de Freitas - S/N – Parque Eldorado - Santa Cruz da Serra – Duque de Caxias – RJ;25240470;Direção: GLAUCIA SEIXAS DE CARVALHO | INEP: 33050856;(21) 995764922;escola2.tancredoneves@smeduquedecaxias.rj.gov.br;-22.647903;-43.295278;;;Segunda a sexta-feira, das 07h às 21h (Conforme Turno);Equipamento público oficial da Prefeitura Municipal de Duque de Caxias vinculado ao setor de Educação (SMEDC).;LOGRADOURO_CENTRO
rec_esc_77;E M Albert Sabin;Educação (SMEDC);2;Cangulo;Rua Almirante Custódio de Melo - s/n – Cangulo – Duque de Caxias – RJ;25221133;Direção: MARIA HELENA DOS SANTOS SIMOES | INEP: 33049041;(21) 971945241;creche2.albertsabin@smeduquedecaxias.rj.gov.br;-22.691744;-43.244945;;;Segunda a sexta-feira, das 07h às 21h (Conforme Turno);Equipamento público oficial da Prefeitura Municipal de Duque de Caxias vinculado ao setor de Educação (SMEDC).;APROXIMADA
rec_esc_78;E M Aline Gonçalves de Lima;Educação (SMEDC);1;Parque Beira Mar;Rua Assembléia - s/n – Parque Beira Mar – Duque de Caxias – RJ;25085330;Direção: DIEGO TAVARES DO NASCIMENTO | INEP: 33151750;(21) 27750155;escola1.aline@smeduquedecaxias.rj.gov.br;-22.795912;-43.286771;;;Segunda a sexta-feira, das 07h às 21h (Conforme Turno);Equipamento público oficial da Prefeitura Municipal de Duque de Caxias vinculado ao setor de Educação (SMEDC).;LOGRADOURO_CENTRO
rec_esc_79;E M Almirante Tamandaré;Educação (SMEDC);3;Jardim Rotsen;Av. Automóvel Clube - Km 52 – Jardim Rotsen - Imbariê – Duque de Caxias – RJ;25272030;Direção: RODRIGO RODRIGUES ABRAHAO | INEP: 33050589;(21) 982608093;escola3.tamandare@smeduquedecaxias.rj.gov.br;-22.626908;-43.242538;;;Segunda a sexta-feira, das 07h às 21h (Conforme Turno);Equipamento público oficial da Prefeitura Municipal de Duque de Caxias vinculado ao setor de Educação (SMEDC).;LOGRADOURO_CENTRO
rec_esc_80;E M Alto da Boa Vista;Educação (SMEDC);1;Olavo Bilac;Rua Leverger - 193 – Olavo Bilac – Duque de Caxias – RJ;25036190;Direção: CARLA AMARAL COSENZA | INEP: 33049050;(21) 27824142;escola1.boavista@smeduquedecaxias.rj.gov.br;-22.763676;-43.319328;;;Segunda a sexta-feira, das 07h às 21h (Conforme Turno);Equipamento público oficial da Prefeitura Municipal de Duque de Caxias vinculado ao setor de Educação (SMEDC).;LOGRADOURO_CENTRO
rec_esc_81;E M Ana Nery;Educação (SMEDC);1;Vila São Sebastião;Rua Porto Seguro - S/N – Vila São Sebastião – Duque de Caxias – RJ;25051080;Direção: IRACEMA DE LIMA AGUIAR | INEP: 33049068;(21) 27598222;escola1.ananery@smeduquedecaxias.rj.gov.br;-22.75787;-43.293979;;;Segunda a sexta-feira, das 07h às 21h (Conforme Turno);Equipamento público oficial da Prefeitura Municipal de Duque de Caxias vinculado ao setor de Educação (SMEDC).;APROXIMADA
rec_esc_82;E M Ana de Souza Herdy;Educação (SMEDC);1;Lagunas e Dourados;Rua Tenente José Dias - 0 – Lagunas e Dourados – Duque de Caxias – RJ;25011380;Direção: PATRICIA MATASSOLI DO NASCIMENTO MITRIONE | INEP: 33449244;(21) 976580914;escola1.anaherdy@smeduquedecaxias.rj.gov.br;-22.789043;-43.313053;;;Segunda a sexta-feira, das 07h às 21h (Conforme Turno);Equipamento público oficial da Prefeitura Municipal de Duque de Caxias vinculado ao setor de Educação (SMEDC).;LOGRADOURO_CENTRO
rec_esc_83;E M Anton Dworsak;Educação (SMEDC);2;Saracuruna;Rua Geraldo Rocha - S/N – Saracuruna – Duque de Caxias – RJ;25213342;Direção: ROSANGELA MARTINS DA SILVA | INEP: 33050074;(21) 36546741;escola2.antondworsak@smeduquedecaxias.rj.gov.br;-22.675134;-43.271971;;;Segunda a sexta-feira, das 07h às 21h (Conforme Turno);Equipamento público oficial da Prefeitura Municipal de Duque de Caxias vinculado ao setor de Educação (SMEDC).;APROXIMADA
rec_esc_84;E M Anísio Spinola Teixeira;Educação (SMEDC);1;Corte Oito;Rua Petrópolis - 77 – Corte Oito – Duque de Caxias – RJ;25030060;Direção: PATRICIA BLANCO DA FONSECA | INEP: 33135231;(21) 986908075;escola1.anisioteixeira@smeduquedecaxias.rj.gov.br;-22.767011;-43.306736;;;Segunda a sexta-feira, das 07h às 21h (Conforme Turno);Equipamento público oficial da Prefeitura Municipal de Duque de Caxias vinculado ao setor de Educação (SMEDC).;LOGRADOURO_CENTRO
rec_esc_85;E M Barro Branco;Educação (SMEDC);3;Jardim Barro Branco;Av. Pedro Álvares Cabral - SN – Jardim Barro Branco – Duque de Caxias – RJ;25267120;Direção: MONICA VENANCIO DA SILVA VIDAL | INEP: 33050600;(21) 36528355;escola3.barrobranco@smeduquedecaxias.rj.gov.br;-22.635847;-43.247822;;;Segunda a sexta-feira, das 07h às 21h (Conforme Turno);Equipamento público oficial da Prefeitura Municipal de Duque de Caxias vinculado ao setor de Educação (SMEDC).;LOGRADOURO_CENTRO
rec_esc_86;E M Barão da Taquara;Educação (SMEDC);3;Taquara;Praça São Paulo - 119 – Taquara – Duque de Caxias – RJ;25270390;Direção: ALESSANDRA GUEDES DOS ANJOS | INEP: 33050597;(21) 36665917;escola3.taquara@smeduquedecaxias.rj.gov.br;-22.61611;-43.233817;;;Segunda a sexta-feira, das 07h às 21h (Conforme Turno);Equipamento público oficial da Prefeitura Municipal de Duque de Caxias vinculado ao setor de Educação (SMEDC).;APROXIMADA
rec_esc_87;E M Barão do Amapá;Educação (SMEDC);4;Amapá;Rua Dalila - SN – Amapá – Duque de Caxias – RJ;25235460;Direção: MARCIO PEREIRA MORAES | INEP: 33050872;(21) 219659232;escola4.amapa@smeduquedecaxias.rj.gov.br;-22.676698;-43.355312;;;Segunda a sexta-feira, das 07h às 21h (Conforme Turno);Equipamento público oficial da Prefeitura Municipal de Duque de Caxias vinculado ao setor de Educação (SMEDC).;LOGRADOURO_CENTRO
rec_esc_88;E M Barão do Rio Branco;Educação (SMEDC);1;Gramacho;Rua Joaquim José Soares - S/N – Gramacho – Duque de Caxias – RJ;25035185;Direção: DANIELLE NUNES CRUZ | INEP: 33049076;(21) 26713569;escola1.riobranco@smeduquedecaxias.rj.gov.br;-22.756195;-43.305452;;;Segunda a sexta-feira, das 07h às 21h (Conforme Turno);Equipamento público oficial da Prefeitura Municipal de Duque de Caxias vinculado ao setor de Educação (SMEDC).;LOGRADOURO_CENTRO
rec_esc_89;E M Bom Retiro;Educação (SMEDC);2;Bom Retiro;Praça Felipe de Olievira - S/N – Bom Retiro – Duque de Caxias – RJ;25223770;Direção: CRISTINA AUGUSTA FREITAS BENTO | INEP: 33050090;(21) 2671-6612;escola2.bomretiro@smeduquedecaxias.rj.gov.br;-22.697586;-43.246994;;;Segunda a sexta-feira, das 07h às 21h (Conforme Turno);Equipamento público oficial da Prefeitura Municipal de Duque de Caxias vinculado ao setor de Educação (SMEDC).;LOGRADOURO_CENTRO
rec_esc_90;E M Brasil-Itália;Educação (SMEDC);4;Xerém;Estrada do Aviário - s/nº – Xerém – Duque de Caxias – RJ;25250597;Direção: VIVIANE VEIGA LIPPI SILVA | INEP: 33117985;(24) 981107276;escola4.brasilitalia@smeduquedecaxias.rj.gov.br;-22.571182;-43.270086;;;Segunda a sexta-feira, das 07h às 21h (Conforme Turno);Equipamento público oficial da Prefeitura Municipal de Duque de Caxias vinculado ao setor de Educação (SMEDC).;APROXIMADA
rec_esc_91;E M Brasília;Educação (SMEDC);4;Vila Bonança;Rua João Santos Sobrinho - 16 – Vila Bonança – Duque de Caxias – RJ;25255480;Direção: FABIOLA FRANCO DUARTE BARBOSA | INEP: 33050880;(21) 36539173;escola4.brasilia@smeduquedecaxias.rj.gov.br;-22.6363;-43.241;;;Segunda a sexta-feira, das 07h às 21h (Conforme Turno);Equipamento público oficial da Prefeitura Municipal de Duque de Caxias vinculado ao setor de Educação (SMEDC).;APROXIMADA
rec_esc_92;E M CARLOS DRUMMOND DE ANDRADE;Educação (SMEDC);3;Imbariê;Rua Goindira - 343 – Imbariê – Duque de Caxias – RJ;25266070;Direção: GEISILANE SILVA DE SA | INEP: 33135258;(21) 972352360;escola3.carlosdrummond@smeduquedecaxias.rj.gov.br;-22.630167;-43.208459;;;Segunda a sexta-feira, das 07h às 21h (Conforme Turno);Equipamento público oficial da Prefeitura Municipal de Duque de Caxias vinculado ao setor de Educação (SMEDC).;LOGRADOURO_CENTRO
rec_esc_93;E M Campos Elíseos;Educação (SMEDC);2;Campos Elíseos;Av. Tiradentes - S/N – Campos Elíseos – Duque de Caxias – RJ;25070971;Direção: ANNA CAROLINA FIALHO REGO | INEP: 33165769;(21) 27737267;escola2.camposeliseos@smeduquedecaxias.rj.gov.br;-22.6971;-43.2656;;;Segunda a sexta-feira, das 07h às 21h (Conforme Turno);Equipamento público oficial da Prefeitura Municipal de Duque de Caxias vinculado ao setor de Educação (SMEDC).;APROXIMADA
rec_esc_94;E M Capitão Fuzileiro Naval Eduardo Gomes de Oliveira;Educação (SMEDC);3;Parada Morabi;Rua da Lapa - SN – Parada Morabi - Imbariê – Duque de Caxias – RJ;25265180;Direção: JARDEL RABELO DE ALMEIDA | INEP: 33050619;(21) 26782778;escola3.eduardogomes@smeduquedecaxias.rj.gov.br;-22.657489;-43.232429;;;Segunda a sexta-feira, das 07h às 21h (Conforme Turno);Equipamento público oficial da Prefeitura Municipal de Duque de Caxias vinculado ao setor de Educação (SMEDC).;LOGRADOURO_CENTRO
rec_esc_95;E M Carlota Machado;Educação (SMEDC);1;Centenário;Rua Manuel Vieira - S/N – Centenário – Duque de Caxias – RJ;25020120;Direção: CAMILA SAINT MARTIN DE OLIVEIRA | INEP: 33049084;(21) 37777241;escola1.carlotamachado@smeduquedecaxias.rj.gov.br;-22.779429;-43.312669;;;Segunda a sexta-feira, das 07h às 21h (Conforme Turno);Equipamento público oficial da Prefeitura Municipal de Duque de Caxias vinculado ao setor de Educação (SMEDC).;LOGRADOURO_CENTRO
rec_esc_96;E M Castro Alves;Educação (SMEDC);4;Jardim Olimpo;Rua Maurícia - SN – Jardim Olimpo – Duque de Caxias – RJ;25255350;Direção: FABIA CELI DUARTE DO NASCIMENTO | INEP: 33050899;(21) 36539685;escola4.castroalves@smeduquedecaxias.rj.gov.br;-22.623286;-43.284936;;;Segunda a sexta-feira, das 07h às 21h (Conforme Turno);Equipamento público oficial da Prefeitura Municipal de Duque de Caxias vinculado ao setor de Educação (SMEDC).;LOGRADOURO_CENTRO
rec_esc_97;E M Cidade dos Meninos;Educação (SMEDC);2;Pilar;Rua São Luiz - 21 – Pilar – Duque de Caxias – RJ;25235150;Direção: RITA DE CASSIA DA COSTA MIGUEL | INEP: 33177783;(21) 2671-6612;escola2.pilar@smeduquedecaxias.rj.gov.br;-22.702922;-43.270477;;;Segunda a sexta-feira, das 07h às 21h (Conforme Turno);Equipamento público oficial da Prefeitura Municipal de Duque de Caxias vinculado ao setor de Educação (SMEDC).;LOGRADOURO_CENTRO
rec_esc_98;E M Cora Coralina;Educação (SMEDC);1;Gramacho;Avenida Darcy Vargas - 21 – Gramacho – Duque de Caxias – RJ;25035250;Direção: JOAO PEDRO EDUARDO DO NASCIMENTO | INEP: 33146829;(21) 36663075;escola1.cora@smeduquedecaxias.rj.gov.br;-22.757331;-43.305874;;;Segunda a sexta-feira, das 07h às 21h (Conforme Turno);Equipamento público oficial da Prefeitura Municipal de Duque de Caxias vinculado ao setor de Educação (SMEDC).;LOGRADOURO_CENTRO
rec_esc_99;E M Coração de Jesus;Educação (SMEDC);4;Mantiquira;Estrada São Lourenço - S/N – Mantiquira – Duque de Caxias – RJ;25243150;Direção: GISELLE CRISTINE DA SILVA MENDES BITTENCOURT | INEP: 33050902;(21) 990598791;escola4.coracaodejesus@smeduquedecaxias.rj.gov.br;-22.603002;-43.329805;;;Segunda a sexta-feira, das 07h às 21h (Conforme Turno);Equipamento público oficial da Prefeitura Municipal de Duque de Caxias vinculado ao setor de Educação (SMEDC).;LOGRADOURO_CENTRO
rec_esc_100;E M Coronel Eliseu;Educação (SMEDC);2;Parque Comercial;Rua Antônio Gonçalves Martins - SN – Parque Comercial – Duque de Caxias – RJ;25041700;Direção: VANIA LUCIA DOS SANTOS DE AVIZ | INEP: 33050104;(21) 27594890;escola2.eliseu@smeduquedecaxias.rj.gov.br;-22.7356;-43.3247;;;Segunda a sexta-feira, das 07h às 21h (Conforme Turno);Equipamento público oficial da Prefeitura Municipal de Duque de Caxias vinculado ao setor de Educação (SMEDC).;APROXIMADA
rec_esc_101;E M Darcy Ribeiro;Educação (SMEDC);1;Lagunas e Dourados;Rua Paulo Moreno - 662 – Lagunas e Dourados – Duque de Caxias – RJ;25011350;Direção: ALESSANDRA CRISTINE CEZAR SEGURA | INEP: 33126879;(21) 36511368;escola1.darcyribeiro@smeduquedecaxias.rj.gov.br;-22.7976;-43.315907;;;Segunda a sexta-feira, das 07h às 21h (Conforme Turno);Equipamento público oficial da Prefeitura Municipal de Duque de Caxias vinculado ao setor de Educação (SMEDC).;LOGRADOURO_CENTRO
rec_esc_102;E M Darcy Vargas;Educação (SMEDC);1;Vila Leopoldina;Rua Dr. João Clementino - 817 – Vila Leopoldina – Duque de Caxias – RJ;25036120;Direção: LUCIANA ALEIXO DA SILVA | INEP: 33049092;(21) 977043958;escola1.darcyvargas@smeduquedecaxias.rj.gov.br;-22.764683;-43.311217;;;Segunda a sexta-feira, das 07h às 21h (Conforme Turno);Equipamento público oficial da Prefeitura Municipal de Duque de Caxias vinculado ao setor de Educação (SMEDC).;LOGRADOURO_CENTRO
rec_esc_103;E M Dr Ely Combat;Educação (SMEDC);4;Xerém;Rua Rio Grande do Sul - 17 – XERÉM – Duque de Caxias – RJ;25250080;Direção: LUCIEN VIVIANE SAMPAIO DINIZ | INEP: 33135240;(21) 339002701;escola4.elycombat@smeduquedecaxias.rj.gov.br;-22.600402;-43.290871;;;Segunda a sexta-feira, das 07h às 21h (Conforme Turno);Equipamento público oficial da Prefeitura Municipal de Duque de Caxias vinculado ao setor de Educação (SMEDC).;LOGRADOURO_CENTRO
rec_esc_104;E M Dr Gastão Reis;Educação (SMEDC);1;Corte Oito;Rua Petrópolis - 405 – Corte Oito – Duque de Caxias – RJ;25030060;Direção: ALESSANDRA DE FATIMA BOAVENTURA MAIDANA | INEP: 33049114;(21) 965601031;escola1.gastaoreis@smeduquedecaxias.rj.gov.br;-22.767011;-43.306736;;;Segunda a sexta-feira, das 07h às 21h (Conforme Turno);Equipamento público oficial da Prefeitura Municipal de Duque de Caxias vinculado ao setor de Educação (SMEDC).;LOGRADOURO_CENTRO
rec_esc_105;E M Dr Manoel Reis;Educação (SMEDC);2;Campos Elíseos;Rua das Tamarindas - S/N – Campos Elíseos – Duque de Caxias – RJ;25225000;Direção: SILVIA TOSTA SUZANO | INEP: 33050112;(21) 979712622;escola2.manoelreis@smeduquedecaxias.rj.gov.br;-22.7037;-43.2785;;;Segunda a sexta-feira, das 07h às 21h (Conforme Turno);Equipamento público oficial da Prefeitura Municipal de Duque de Caxias vinculado ao setor de Educação (SMEDC).;APROXIMADA
rec_esc_106;E M Dr Ricardo Augusto de Azeredo Vianna;Educação (SMEDC);1;Olavo Bilac;Avenida Deputado Almeida Franco - 1 – Olavo Bilac – Duque de Caxias – RJ;25025350;Direção: ANA PAULA DA SILVA LAGE | INEP: 33146837;(21) 27834852;escola1.ricardoaugusto@smeduquedecaxias.rj.gov.br;-22.76518;-43.3226;;;Segunda a sexta-feira, das 07h às 21h (Conforme Turno);Equipamento público oficial da Prefeitura Municipal de Duque de Caxias vinculado ao setor de Educação (SMEDC).;APROXIMADA
rec_esc_107;E M Drª Zilda Arns Neumann;Educação (SMEDC);2;Saracuruna;Rua General San Martin - 42 – Saracuruna – Duque de Caxias – RJ;25049670;Direção: ALDERALICE SAMPAIO DE OLIVEIRA DE JESUS | INEP: 33158517;(21) 996456012;escola2.zildaarns@smeduquedecaxias.rj.gov.br;-22.676962;-43.246337;;;Segunda a sexta-feira, das 07h às 21h (Conforme Turno);Equipamento público oficial da Prefeitura Municipal de Duque de Caxias vinculado ao setor de Educação (SMEDC).;LOGRADOURO_CENTRO
rec_esc_108;E M Embaixador Oswaldo Aranha;Educação (SMEDC);4;Parque Xerém;Rua João Aires - SN – Parque Xerém – Duque de Caxias – RJ;25245640;Direção: JANETE PEREIRA FERRAZ | INEP: 33050910;(21) 977434320;escola4.oswaldoaranha@smeduquedecaxias.rj.gov.br;-22.570333;-43.314229;;;Segunda a sexta-feira, das 07h às 21h (Conforme Turno);Equipamento público oficial da Prefeitura Municipal de Duque de Caxias vinculado ao setor de Educação (SMEDC).;APROXIMADA
rec_esc_109;E M Eulina Pinto de Barros;Educação (SMEDC);2;Parque Nossa Senhora do Carmo;Estrada do Calundu - S/N – Parque Nossa Senhora do Carmo – Duque de Caxias – RJ;25040610;Direção: ALBA VALERIA DE OLIVEIRA FARIA | INEP: 33050120;(21) 27813461;escola2.eulinapinto@smeduquedecaxias.rj.gov.br;-22.746595;-43.327273;;;Segunda a sexta-feira, das 07h às 21h (Conforme Turno);Equipamento público oficial da Prefeitura Municipal de Duque de Caxias vinculado ao setor de Educação (SMEDC).;LOGRADOURO_CENTRO
rec_esc_110;E M Expedicionário Aquino de Araújo;Educação (SMEDC);1;Vila São Luís;Rua Gal. Manoel Rabelo - 593 – Vila São Luis – Duque de Caxias – RJ;25065050;Direção: JAQUELINE PACHECO OLIMPIO | INEP: 33049149;(21) 27715591;escola1.aquinoaraujo@smeduquedecaxias.rj.gov.br;-22.778295;-43.296596;;;Segunda a sexta-feira, das 07h às 21h (Conforme Turno);Equipamento público oficial da Prefeitura Municipal de Duque de Caxias vinculado ao setor de Educação (SMEDC).;LOGRADOURO_CENTRO
rec_esc_111;E M Francisco Barboza Leite;Educação (SMEDC);3;Santa Lúcia;Rua 2 - S/N – Santa Lúcia – Duque de Caxias – RJ;25271685;Direção: CAMILE AMELIA MOREIRA | INEP: 33099065;(21) 36503996;escola3.barbozaleite@smeduquedecaxias.rj.gov.br;-22.625807;-43.219165;;;Segunda a sexta-feira, das 07h às 21h (Conforme Turno);Equipamento público oficial da Prefeitura Municipal de Duque de Caxias vinculado ao setor de Educação (SMEDC).;LOGRADOURO_CENTRO
rec_esc_112;E M Francisco Oswaldo Neves Dornelles;Educação (SMEDC);2;Campos Elíseos;Rua Maturim - s/n – Campos Elíseos – Duque de Caxias – RJ;25225665;Direção: ANA CRISTINA DA SILVA DE JESUS | INEP: 33202346;(21) 994385072;escola2.franciscodornelles@smeduquedecaxias.rj.gov.br;-22.701524;-43.25381;;;Segunda a sexta-feira, das 07h às 21h (Conforme Turno);Equipamento público oficial da Prefeitura Municipal de Duque de Caxias vinculado ao setor de Educação (SMEDC).;LOGRADOURO_CENTRO
rec_esc_113;E M General Mourão Filho;Educação (SMEDC);3;Jardim Anhangá;Rua Violeta - S/N – Jardim Anhangá – Duque de Caxias – RJ;25268420;Direção: ROSILANI MACEDO DE AZEVEDO | INEP: 33050635;(21) 2671-6612;escola3.mouraofilho@smeduquedecaxias.rj.gov.br;-22.733536;-43.302431;;;Segunda a sexta-feira, das 07h às 21h (Conforme Turno);Equipamento público oficial da Prefeitura Municipal de Duque de Caxias vinculado ao setor de Educação (SMEDC).;LOGRADOURO_CENTRO
rec_esc_114;E M General Sampaio;Educação (SMEDC);1;Doutor Laureano;Avenida Perimetral Doutor Juscelino Kubitschek de Oliveira - 3374 – Doutor Laureano – Duque de Caxias – RJ;25060200;Direção: HIOLINA PEREIRA MENDES VELOSO | INEP: 33049157;(21) 982663174;escola1.sampaio@smeduquedecaxias.rj.gov.br;-22.7677;-43.299539;;;Segunda a sexta-feira, das 07h às 21h (Conforme Turno);Equipamento público oficial da Prefeitura Municipal de Duque de Caxias vinculado ao setor de Educação (SMEDC).;LOGRADOURO_CENTRO
rec_esc_115;E M Governador Mario Covas Junior;Educação (SMEDC);2;Saracuruna;Rua Maciel Monteiro - 246 – Saracuruna – Duque de Caxias – RJ;25220460;Direção: CINTIA CECI REZENDE NICOLAU | INEP: 33050082;(21) 2671-6612;escola2.mariocovas@smeduquedecaxias.rj.gov.br;-22.69153;-43.24521;;;Segunda a sexta-feira, das 07h às 21h (Conforme Turno);Equipamento público oficial da Prefeitura Municipal de Duque de Caxias vinculado ao setor de Educação (SMEDC).;APROXIMADA
rec_esc_116;E M Helena Aguiar de Medeiros;Educação (SMEDC);1;Centenário;Rua Cel. Alberto de Mello - S/N – Centenário – Duque de Caxias – RJ;25030150;Direção: RACHEL CRISTINA TÁVORA NEVES CAJAZEIRA | INEP: 33049165;(21) 971818709;escola1.helenaaguiar@smeduquedecaxias.rj.gov.br;-22.77497;-43.316114;;;Segunda a sexta-feira, das 07h às 21h (Conforme Turno);Equipamento público oficial da Prefeitura Municipal de Duque de Caxias vinculado ao setor de Educação (SMEDC).;LOGRADOURO_CENTRO
rec_esc_117;E M Hermínia Caldas da Silva;Educação (SMEDC);1;Vila Centenário;Rua Otávio Áscoli - S/N – Vila Centenário – Duque de Caxias – RJ;25030040;Direção: MARIA ISABEL SANTOS DE JESUS | INEP: 33049173;(21) 992967907;escola1.herminiacaldas@smeduquedecaxias.rj.gov.br;-22.773177;-43.316789;;;Segunda a sexta-feira, das 07h às 21h (Conforme Turno);Equipamento público oficial da Prefeitura Municipal de Duque de Caxias vinculado ao setor de Educação (SMEDC).;LOGRADOURO_CENTRO
rec_esc_118;E M Imaculada Conceição;Educação (SMEDC);2;Figueira;Alameda Paula Liliane - S/N – Figueira – Duque de Caxias – RJ;25230570;Direção: EDILEA CRUZ CORREIA DOS ANJOS | INEP: 33050139;(21) 974898525;escola2.imaculada@smeduquedecaxias.rj.gov.br;-22.6795;-43.2882;;;Segunda a sexta-feira, das 07h às 21h (Conforme Turno);Equipamento público oficial da Prefeitura Municipal de Duque de Caxias vinculado ao setor de Educação (SMEDC).;APROXIMADA
rec_esc_119;E M Intercultural México - Profªª Nilcelina dos Santos Ferreira;Educação (SMEDC);3;Santa Cruz da Serra;Rua dos Serrados - S/N – Santa Cruz da Serra – Duque de Caxias – RJ;25251070;Direção: SUZANA OLIVEIRA DE JESUS | INEP: 33050180;(21) 27775321;escola2.nilcelina@smeduquedecaxias.rj.gov.br;-22.65293;-43.277601;;;Segunda a sexta-feira, das 07h às 21h (Conforme Turno);Equipamento público oficial da Prefeitura Municipal de Duque de Caxias vinculado ao setor de Educação (SMEDC).;LOGRADOURO_CENTRO
rec_esc_120;E M Itamar Franco;Educação (SMEDC);1;Parque das Missões;Rua Dezenove - s/nº – Parque das Missões – Duque de Caxias – RJ;25086570;Direção: LILIANE DA SILVA OLIVEIRA VIEIRA | INEP: 33197997;(21) 2671-6612;escola1.itamarfranco@smeduquedecaxias.rj.gov.br;-22.805844;-43.279172;;;Segunda a sexta-feira, das 07h às 21h (Conforme Turno);Equipamento público oficial da Prefeitura Municipal de Duque de Caxias vinculado ao setor de Educação (SMEDC).;LOGRADOURO_CENTRO
rec_esc_121;E M Jardim Anhangá;Educação (SMEDC);3;Jardim Anhangá;Rua M - SN – Jardim Anhangá – Duque de Caxias – RJ;25264510;Direção: ADRIANA PEREIRA DA SILVA | INEP: 33050643;(21) 36509628;escola3.jdanhanga@smeduquedecaxias.rj.gov.br;-22.643836;-43.236014;;;Segunda a sexta-feira, das 07h às 21h (Conforme Turno);Equipamento público oficial da Prefeitura Municipal de Duque de Caxias vinculado ao setor de Educação (SMEDC).;LOGRADOURO_CENTRO
rec_esc_122;E M Jardim Gramacho;Educação (SMEDC);1;Jardim Gramacho;Rua Condeúba - S/N – Jardim Gramacho – Duque de Caxias – RJ;25055040;Direção: JAQUELINE DOS SANTOS VICENTE | INEP: 33049181;(21) 26761800;escola1.jdgramacho@smeduquedecaxias.rj.gov.br;-22.756513;-43.272075;;;Segunda a sexta-feira, das 07h às 21h (Conforme Turno);Equipamento público oficial da Prefeitura Municipal de Duque de Caxias vinculado ao setor de Educação (SMEDC).;APROXIMADA
rec_esc_123;E M Jayme Fichman;Educação (SMEDC);2;Saracuruna;Av. Uruguaiana - S/N – Saracuruna – Duque de Caxias – RJ;25212440;Direção: MAXSUEL QUENIL PIMENTEL RODRIGUES | INEP: 33050147;(21) 40403811;escola2.jaymefichman@smeduquedecaxias.rj.gov.br;-22.674828;-43.249959;;;Segunda a sexta-feira, das 07h às 21h (Conforme Turno);Equipamento público oficial da Prefeitura Municipal de Duque de Caxias vinculado ao setor de Educação (SMEDC).;LOGRADOURO_CENTRO
rec_esc_124;E M Joaquim da Silva Peçanha;Educação (SMEDC);1;Parque Beira Mar;Rua Felisberto Freitas - S/N – Parque Beira Mar – Duque de Caxias – RJ;25085480;Direção: VANISE DE CASSIA DE ARAUJO DUTRA GOMES | INEP: 33049190;(21) 26998123;escola1.joaquimp@smeduquedecaxias.rj.gov.br;-22.786164;-43.325106;;;Segunda a sexta-feira, das 07h às 21h (Conforme Turno);Equipamento público oficial da Prefeitura Municipal de Duque de Caxias vinculado ao setor de Educação (SMEDC).;LOGRADOURO_CENTRO
rec_esc_125;E M Jornalista Moacyr Padilha;Educação (SMEDC);2;Vila Maria Helena;Rua Visconde de Itaboraí - S/N – Vila Maria Helena – Duque de Caxias – RJ;25251560;Direção: ROSANGELA CORREA BERMUTE | INEP: 33050155;(21) 2671-6612;escola2.moacyrpadilha@smeduquedecaxias.rj.gov.br;-22.6671;-43.2762;;;Segunda a sexta-feira, das 07h às 21h (Conforme Turno);Equipamento público oficial da Prefeitura Municipal de Duque de Caxias vinculado ao setor de Educação (SMEDC).;APROXIMADA
rec_esc_126;E M Joséé Camilo dos Santos;Educação (SMEDC);2;Vila Rosário;Av. Presidente Kennedy - S/N – Vila Rosário – Duque de Caxias – RJ;25045030;Direção: BARBARA CONCEIÇÃO SANTIAGO ROSA MATTOS | INEP: 33139784;(21) 994463933;escola2.josecamilo@smeduquedecaxias.rj.gov.br;-22.789178;-43.310518;;;Segunda a sexta-feira, das 07h às 21h (Conforme Turno);Equipamento público oficial da Prefeitura Municipal de Duque de Caxias vinculado ao setor de Educação (SMEDC).;LOGRADOURO_CENTRO
rec_esc_127;E M Joséé Medeiros Cabral;Educação (SMEDC);1;Jardim Gramacho;Rua Avaré - QD 112 – Jardim Gramacho – Duque de Caxias – RJ;25056310;Direção: DANYELLE CRISTINA DIAS FREITAS | INEP: 33153582;(21) 26735460;escola1.jmedeiros@smeduquedecaxias.rj.gov.br;-22.75938;-43.277588;;;Segunda a sexta-feira, das 07h às 21h (Conforme Turno);Equipamento público oficial da Prefeitura Municipal de Duque de Caxias vinculado ao setor de Educação (SMEDC).;LOGRADOURO_CENTRO
rec_esc_128;E M Laurentina Cardoso Duarte;Educação (SMEDC);1;Parque Beira Mar;Rua Alberto de Oliveira - S/N – Parque Beira Mar – Duque de Caxias – RJ;25085261;Direção: ANDREA BERG TEIXEIRA | INEP: 33146845;(21) 26523309;escola1.laurentinaduarte@smeduquedecaxias.rj.gov.br;-22.7942;-43.2931;;;Segunda a sexta-feira, das 07h às 21h (Conforme Turno);Equipamento público oficial da Prefeitura Municipal de Duque de Caxias vinculado ao setor de Educação (SMEDC).;APROXIMADA
rec_esc_129;E M Leni Fernandes do Nascimento;Educação (SMEDC);4;Chapéu do Sol;Rua Silvio Caldas - S/N – Chapéu do Sol - Xerem – Duque de Caxias – RJ;25245790;Direção: MARCIA ZAMPAROLE DE OLIVEIRA | INEP: 33050929;(21) 37773854;escola4.lenifernandes@smeduquedecaxias.rj.gov.br;-22.572941;-43.330776;;;Segunda a sexta-feira, das 07h às 21h (Conforme Turno);Equipamento público oficial da Prefeitura Municipal de Duque de Caxias vinculado ao setor de Educação (SMEDC).;LOGRADOURO_CENTRO
rec_esc_130;E M Lions;Educação (SMEDC);1;Vila Itamarati;Avenida Perimetral Presidente Tancredo Neves - 1067 – Vila Itamarati – Duque de Caxias – RJ;25070096;Direção: ROBERTO SOUZA DE MENEZES | INEP: 33049220;(21) 959464814;escola1.lions@smeduquedecaxias.rj.gov.br;-22.775969;-43.300937;;;Segunda a sexta-feira, das 07h às 21h (Conforme Turno);Equipamento público oficial da Prefeitura Municipal de Duque de Caxias vinculado ao setor de Educação (SMEDC).;LOGRADOURO_CENTRO
rec_esc_131;E M Luiz Gama Borges;Educação (SMEDC);3;Parque Paulista;Rua Malherbe - SN – Parque Paulista – Duque de Caxias – RJ;25261440;Direção: FELYPE LOPES BASTOS | INEP: 33050651;(21) 26750297;escola3.luizgamaborges@smeduquedecaxias.rj.gov.br;-22.646107;-43.258289;;;Segunda a sexta-feira, das 07h às 21h (Conforme Turno);Equipamento público oficial da Prefeitura Municipal de Duque de Caxias vinculado ao setor de Educação (SMEDC).;APROXIMADA
rec_esc_132;E M Marcílio Dias;Educação (SMEDC);2;Parque Independência;Rua C - S/N – Parque Independência - Saracuruna – Duque de Caxias – RJ;25211300;Direção: DOMINIQUE HAMMERS BARROS DE AMORIM | INEP: 33050163;(21) 40043303;escola2.marciliodias@smeduquedecaxias.rj.gov.br;-22.689878;-43.351756;;;Segunda a sexta-feira, das 07h às 21h (Conforme Turno);Equipamento público oficial da Prefeitura Municipal de Duque de Caxias vinculado ao setor de Educação (SMEDC).;LOGRADOURO_CENTRO
rec_esc_133;E M Marechal Floriano Peixoto;Educação (SMEDC);3;Vila Araci;Rua Lúcia Helena Faccini - 08 – Vila Araci – Duque de Caxias – RJ;25272540;Direção: SIMONE MARTELLETO FELIPE DE SOUZA | INEP: 33050660;(21) 976966527;escola3.florianopeixoto@smeduquedecaxias.rj.gov.br;-22.6186;-43.2026;;;Segunda a sexta-feira, das 07h às 21h (Conforme Turno);Equipamento público oficial da Prefeitura Municipal de Duque de Caxias vinculado ao setor de Educação (SMEDC).;APROXIMADA
rec_esc_134;E M Marechal Mallet;Educação (SMEDC);1;Vila Guanabara;Rua Dr. Carlos Esteves - S/N – Vila Guanabara – Duque de Caxias – RJ;25065005;Direção: CLAUDETE DE SOUZA RAMOS | INEP: 33049246;(21) 27823623;escola1.mallet@smeduquedecaxias.rj.gov.br;-22.7809;-43.2947;;;Segunda a sexta-feira, das 07h às 21h (Conforme Turno);Equipamento público oficial da Prefeitura Municipal de Duque de Caxias vinculado ao setor de Educação (SMEDC).;APROXIMADA
rec_esc_135;E M Maria Clara Machado;Educação (SMEDC);2;Pantanal;Av. Gomes Freire - 420 – Pantanal – Duque de Caxias – RJ;25040160;Direção: OSMAR MENEZES DA SILVA | INEP: 33146861;(21) 2671-6612;escola2.mclaramachado@smeduquedecaxias.rj.gov.br;-22.7442;-43.3175;;;Segunda a sexta-feira, das 07h às 21h (Conforme Turno);Equipamento público oficial da Prefeitura Municipal de Duque de Caxias vinculado ao setor de Educação (SMEDC).;APROXIMADA
rec_esc_136;E M Marilândia;Educação (SMEDC);2;Campos Elíseos;Rua Maranhão - 90 – Campos Elíseos – Duque de Caxias – RJ;25225590;Direção: RENATA BARBOSA IGNACIO LIMA | INEP: 33050171;(21) 985588442;escola2.marilandia@smeduquedecaxias.rj.gov.br;-22.598571;-43.289758;;;Segunda a sexta-feira, das 07h às 21h (Conforme Turno);Equipamento público oficial da Prefeitura Municipal de Duque de Caxias vinculado ao setor de Educação (SMEDC).;LOGRADOURO_CENTRO
rec_esc_137;E M Mauro de Castro;Educação (SMEDC);1;Jardim Gramacho;Rua Caramuru - 84 – Jardim Gramacho – Duque de Caxias – RJ;25055340;Direção: NAISE MARTINS | INEP: 33146853;(21) 36590690;escola1.maurodecastro@smeduquedecaxias.rj.gov.br;-22.753969;-43.278922;;;Segunda a sexta-feira, das 07h às 21h (Conforme Turno);Equipamento público oficial da Prefeitura Municipal de Duque de Caxias vinculado ao setor de Educação (SMEDC).;LOGRADOURO_CENTRO
rec_esc_138;E M Minas Gerais;Educação (SMEDC);2;Parque Fluminense;Rua Knauber - S/N – Parque Fluminense – Duque de Caxias – RJ;25046560;Direção: CARLA CRISTIANE PEREIRA DO NASCIMENTO | INEP: 33050198;(21) 31353088;escola2.minasgerais@smeduquedecaxias.rj.gov.br;-22.7272;-43.3233;;;Segunda a sexta-feira, das 07h às 21h (Conforme Turno);Equipamento público oficial da Prefeitura Municipal de Duque de Caxias vinculado ao setor de Educação (SMEDC).;APROXIMADA
rec_esc_139;E M Monteiro Lobato;Educação (SMEDC);2;Campos Elíseos;Rua do Rosário - 118 – Campos Elíseos – Duque de Caxias – RJ;25225430;Direção: JOSE LUIS GOMES PEREIRA | INEP: 33050201;(21) 27760312;escola2.monteirolobato@smeduquedecaxias.rj.gov.br;-22.700824;-43.275542;;;Segunda a sexta-feira, das 07h às 21h (Conforme Turno);Equipamento público oficial da Prefeitura Municipal de Duque de Caxias vinculado ao setor de Educação (SMEDC).;LOGRADOURO_CENTRO
rec_esc_140;E M Montese;Educação (SMEDC);3;Vila Canaã;Rua Havana - 41 – Vila Canaan – Duque de Caxias – RJ;25255170;Direção: TAMARA ANDRADE DE CARVALHO BITENCOURT | INEP: 33050945;(21) 976008660;escola4.montese@smeduquedecaxias.rj.gov.br;-22.629697;-43.279683;;;Segunda a sexta-feira, das 07h às 21h (Conforme Turno);Equipamento público oficial da Prefeitura Municipal de Duque de Caxias vinculado ao setor de Educação (SMEDC).;LOGRADOURO_CENTRO
rec_esc_141;E M Márcio Fiat;Educação (SMEDC);3;Parada Angélica;Rua São Cristóvão - S/N – Parada Angélica – Duque de Caxias – RJ;25272292;Direção: JESSICA ANDRADE CORTAT | INEP: 33050937;(21) 219867586;escola3.marciofiat@smeduquedecaxias.rj.gov.br;-22.61275;-43.209967;;;Segunda a sexta-feira, das 07h às 21h (Conforme Turno);Equipamento público oficial da Prefeitura Municipal de Duque de Caxias vinculado ao setor de Educação (SMEDC).;LOGRADOURO_CENTRO
rec_esc_142;E M Nossa Senhora Aparecida;Educação (SMEDC);2;São Judas Tadeu;Rua São Paulo - S/N – São Judas Tadeu – Duque de Caxias – RJ;25240050;Direção: ESTHER CARVALHO BALEIXO | INEP: 33050228;(21) 997868865;escola2.nsaparecida@smeduquedecaxias.rj.gov.br;-22.60081;-43.29136;;;Segunda a sexta-feira, das 07h às 21h (Conforme Turno);Equipamento público oficial da Prefeitura Municipal de Duque de Caxias vinculado ao setor de Educação (SMEDC).;LOGRADOURO_CENTRO
rec_esc_143;E M Nossa Senhora do Pilar;Educação (SMEDC);2;Pilar;Av. Nossa Senhora do Pilar - 300 – Pilar – Duque de Caxias – RJ;25230270;Direção: ANA VITORIA DOS SANTOS SIQUEIRA BRAGA | INEP: 33050236;(21) 27735872;escola2.nspilar@smeduquedecaxias.rj.gov.br;-22.699879;-43.296234;;;Segunda a sexta-feira, das 07h às 21h (Conforme Turno);Equipamento público oficial da Prefeitura Municipal de Duque de Caxias vinculado ao setor de Educação (SMEDC).;LOGRADOURO_CENTRO
rec_esc_144;E M Nova Campinas;Educação (SMEDC);3;Nova Campinas;Rua 12 - S/N – Nova Campinas – Duque de Caxias – RJ;25271020;Direção: PAULO JOSE ASSUMPÇAO DOS SANTOS | INEP: 33050678;(21) 970616097;escola3.novacampinas@smeduquedecaxias.rj.gov.br;-22.6455;-43.2529;;;Segunda a sexta-feira, das 07h às 21h (Conforme Turno);Equipamento público oficial da Prefeitura Municipal de Duque de Caxias vinculado ao setor de Educação (SMEDC).;APROXIMADA
rec_esc_145;E M Nísia Vilela Fernandes;Educação (SMEDC);2;São Bento;Avenida Governador Leonel de Moura Brizola - SN – São Bento – Duque de Caxias – RJ;25045002;Direção: MARCIO SAMPAIO DE ANDRADE | INEP: 33050244;(21) 970370502;escola2.nisiavilela@smeduquedecaxias.rj.gov.br;-22.800298;-43.305318;;;Segunda a sexta-feira, das 07h às 21h (Conforme Turno);Equipamento público oficial da Prefeitura Municipal de Duque de Caxias vinculado ao setor de Educação (SMEDC).;LOGRADOURO_CENTRO
rec_esc_146;E M Olinda Bonturi Bolsonaro;Educação (SMEDC);2;Jardim Santa Rita;Avenida Nelson Mauro - 159 – Jardim Santa Rita – Duque de Caxias – RJ;25212060;Direção: KAREN GUIMARAES DA SILVA | INEP: 33196265;(21) 976420588;escola2.olindabolsonaro@smeduquedecaxias.rj.gov.br;-22.684191;-43.256631;;;Segunda a sexta-feira, das 07h às 21h (Conforme Turno);Equipamento público oficial da Prefeitura Municipal de Duque de Caxias vinculado ao setor de Educação (SMEDC).;LOGRADOURO_CENTRO
rec_esc_147;E M Parque Capivari;Educação (SMEDC);3;Parque Capivari;Av. Marquês de Barbacena - SN – Parque Capivari – Duque de Caxias – RJ;25245230;Direção: VALERIA VIEIRA ALVES | INEP: 33050953;(21) 26763539;escola4.pqcapivari@smeduquedecaxias.rj.gov.br;-22.645646;-43.330061;;;Segunda a sexta-feira, das 07h às 21h (Conforme Turno);Equipamento público oficial da Prefeitura Municipal de Duque de Caxias vinculado ao setor de Educação (SMEDC).;LOGRADOURO_CENTRO
rec_esc_148;E M Pastor Ernani Batista de Lima;Educação (SMEDC);4;Santo Antônio;Rua Antônio Guedes - 1999 – Santo Antônio - Xerém – Duque de Caxias – RJ;25250550;Direção: MARIA JULIA DE OLIVEIRA DE ALMEIDA | INEP: 33195668;(21) 977140932;escola4.ernanilima@smeduquedecaxias.rj.gov.br;-22.608841;-43.278706;;;Segunda a sexta-feira, das 07h às 21h (Conforme Turno);Equipamento público oficial da Prefeitura Municipal de Duque de Caxias vinculado ao setor de Educação (SMEDC).;LOGRADOURO_CENTRO
rec_esc_149;E M Paulo Roberto de Moraes Loureiro;Educação (SMEDC);2;São Bento;Av. Governador Leonel de Moura Brizola - 9422 – São Bento – Duque de Caxias – RJ;25045030;Direção: ANDREIA SOARES DA SILVA | INEP: 33135266;(21) 31350924;escola2.pauloroberto@smeduquedecaxias.rj.gov.br;-22.7262;-43.3121;;;Segunda a sexta-feira, das 07h às 21h (Conforme Turno);Equipamento público oficial da Prefeitura Municipal de Duque de Caxias vinculado ao setor de Educação (SMEDC).;APROXIMADA
rec_esc_150;E M Paulo Rodrigues Pereira;Educação (SMEDC);3;Imbariê;Rua Voltaire - SN – IMBARIÊ – Duque de Caxias – RJ;25275300;Direção: ISALINA COSTA PEREIRA | INEP: 33112770;(21) 2671-6612;escola3.paulorodrigues@smeduquedecaxias.rj.gov.br;-22.642572;-43.218459;;;Segunda a sexta-feira, das 07h às 21h (Conforme Turno);Equipamento público oficial da Prefeitura Municipal de Duque de Caxias vinculado ao setor de Educação (SMEDC).;APROXIMADA
rec_esc_151;E M Pedro Paulo da Silva;Educação (SMEDC);3;Santa Cruz da Serra;Rua 20 - SN – Santa Cruz da Serra – Duque de Caxias – RJ;25260220;Direção: ROSANGELA DE FARIA DA SILVA | INEP: 33139776;(21) 964738119;escola3.pedropaulo@smeduquedecaxias.rj.gov.br;-22.652053;-43.233657;;;Segunda a sexta-feira, das 07h às 21h (Conforme Turno);Equipamento público oficial da Prefeitura Municipal de Duque de Caxias vinculado ao setor de Educação (SMEDC).;LOGRADOURO_CENTRO
rec_esc_152;E M Pedro Rodrigues do Carmo;Educação (SMEDC);2;Cangulo;Rua Dom Pedro I - S/N – Cangulo - Saracuruna – Duque de Caxias – RJ;25220650;Direção: IZABEL CHRISTINA DE SALES | INEP: 33050252;(21) 26770495;escola2.pedrorodrigues@smeduquedecaxias.rj.gov.br;-22.641659;-43.240306;;;Segunda a sexta-feira, das 07h às 21h (Conforme Turno);Equipamento público oficial da Prefeitura Municipal de Duque de Caxias vinculado ao setor de Educação (SMEDC).;APROXIMADA
rec_esc_153;E M Presidente Costa e Silva;Educação (SMEDC);4;Capivari;Estrada São Lourenço - 112 – Capivari – Duque de Caxias – RJ;25243150;Direção: ANA CRISTINA DE ALMEIDA COELHO HORNERO | INEP: 33050260;(21) 996587542;escola2.costaesilva@smeduquedecaxias.rj.gov.br;-22.603002;-43.329805;;;Segunda a sexta-feira, das 07h às 21h (Conforme Turno);Equipamento público oficial da Prefeitura Municipal de Duque de Caxias vinculado ao setor de Educação (SMEDC).;LOGRADOURO_CENTRO
rec_esc_154;E M Presidente Vargas;Educação (SMEDC);4;Fazenda São Lourenço;Estrada do Rio Paty - 5003 – Fazenda São Lourenço – Duque de Caxias – RJ;25250000;Direção: CLEIA MARIA SILBERNAGEL DE MOURA | INEP: 33050961;(21) 997981340;escola4.presidentevargas@smeduquedecaxias.rj.gov.br;-22.699764;-43.236799;;;Segunda a sexta-feira, das 07h às 21h (Conforme Turno);Equipamento público oficial da Prefeitura Municipal de Duque de Caxias vinculado ao setor de Educação (SMEDC).;LOGRADOURO_CENTRO
rec_esc_155;E M Profª Alberto Ribeiro Vasconcelos;Educação (SMEDC);2;São Bento;Avenida Governador Leonel de Moura Brizola - 7778 – São Bento – Duque de Caxias – RJ;25045002;Direção: CARLA MARIA ALVES SIMPLICIO | INEP: 33144125;(21) 26994426;escola2.albertovasconcelos@smeduquedecaxias.rj.gov.br;-22.800298;-43.305318;;;Segunda a sexta-feira, das 07h às 21h (Conforme Turno);Equipamento público oficial da Prefeitura Municipal de Duque de Caxias vinculado ao setor de Educação (SMEDC).;LOGRADOURO_CENTRO
rec_esc_156;E M Profª Jair Alves de Freitas;Educação (SMEDC);1;Prainha;Rua Rocha Pita - S/N – Prainha – Duque de Caxias – RJ;25015655;Direção: JULIO CEZAR RODRIGUES REIS | INEP: 33049270;(21) 36576827;escola1.jairalves@smeduquedecaxias.rj.gov.br;-22.798213;-43.325336;;;Segunda a sexta-feira, das 07h às 21h (Conforme Turno);Equipamento público oficial da Prefeitura Municipal de Duque de Caxias vinculado ao setor de Educação (SMEDC).;LOGRADOURO_CENTRO
rec_esc_157;E M Profª Joséé de Souza Herdy;Educação (SMEDC);1;Parque Beira Mar;Rua Pereira Passos - 1000 – Parque Beira Mar – Duque de Caxias – RJ;25085300;Direção: LUCIANA CORREA SANTOPIETRO | INEP: 33449236;(21) 2671-6612;escola1.joseherdy@smeduquedecaxias.rj.gov.br;-22.796515;-43.286949;;;Segunda a sexta-feira, das 07h às 21h (Conforme Turno);Equipamento público oficial da Prefeitura Municipal de Duque de Caxias vinculado ao setor de Educação (SMEDC).;LOGRADOURO_CENTRO
rec_esc_158;E M Profª João Faustino de França Sobrinho;Educação (SMEDC);3;Parque Eldorado;Rua Gericinó - 113 – Parque Eldorado - Santa Cruz da Serra – Duque de Caxias – RJ;25240170;Direção: FABIO RODRIGUES MILIONI | INEP: 33050279;(21) 36568452;escola2.joaofaustino@smeduquedecaxias.rj.gov.br;-22.643579;-43.288826;;;Segunda a sexta-feira, das 07h às 21h (Conforme Turno);Equipamento público oficial da Prefeitura Municipal de Duque de Caxias vinculado ao setor de Educação (SMEDC).;LOGRADOURO_CENTRO
rec_esc_159;E M Profª Motta Sobrinho;Educação (SMEDC);1;Paulicéia;Rua Paraná - 739 – Paulicéia – Duque de Caxias – RJ;25071000;Direção: MARIA DE FATIMA BOCAFOLI ZANON | INEP: 33049297;(21) 34916915;escola1.mottasobrinho@smeduquedecaxias.rj.gov.br;-22.717816;-43.253145;;;Segunda a sexta-feira, das 07h às 21h (Conforme Turno);Equipamento público oficial da Prefeitura Municipal de Duque de Caxias vinculado ao setor de Educação (SMEDC).;LOGRADOURO_CENTRO
rec_esc_160;E M Profª Oneres Nunes Oliveira;Educação (SMEDC);1;Parque Felicidade;Rua Barbosa Araújo - 265 – Parque Felicidade – Duque de Caxias – RJ;25080140;Direção: ALINE SILVA RAMOS | INEP: 33144117;(21) 964037350;escola1.oneres@smeduquedecaxias.rj.gov.br;-22.785398;-43.297704;;;Segunda a sexta-feira, das 07h às 21h (Conforme Turno);Equipamento público oficial da Prefeitura Municipal de Duque de Caxias vinculado ao setor de Educação (SMEDC).;LOGRADOURO_CENTRO
rec_esc_161;E M Profª Paulo Freire;Educação (SMEDC);2;Jardim das Oliveiras;Rua José de Azevedo - 156 – Jardim das Oliveiras - Pq. Comercial – Duque de Caxias – RJ;25045270;Direção: JULIA MARIA MACHADO DOS SANTOS | INEP: 33112789;(21) 999642519;escola2.paulofreire@smeduquedecaxias.rj.gov.br;-22.728172;-43.317588;;;Segunda a sexta-feira, das 07h às 21h (Conforme Turno);Equipamento público oficial da Prefeitura Municipal de Duque de Caxias vinculado ao setor de Educação (SMEDC).;LOGRADOURO_CENTRO
rec_esc_162;E M Profª Raul de Oliveira;Educação (SMEDC);3;Santa Cruz da Serra;Travessa Mato Grosso - 60 – Santa Cruz da Serra – Duque de Caxias – RJ;25240230;Direção: MARCIA CAMPOS RIBEIRO | INEP: 33050970;(21) 995091540;escola4.rauldeoliveira@smeduquedecaxias.rj.gov.br;-22.682224;-43.251461;;;Segunda a sexta-feira, das 07h às 21h (Conforme Turno);Equipamento público oficial da Prefeitura Municipal de Duque de Caxias vinculado ao setor de Educação (SMEDC).;LOGRADOURO_CENTRO
rec_esc_163;E M Profª Romeu Menezes dos Santos;Educação (SMEDC);1;Lagunas e Dourados;Rua José Luis Rodrigues Calazans - 355 – Lagunas e Dourados – Duque de Caxias – RJ;25011320;Direção: ANA CRISTINA FIRMINO DA CONCEIÇÃO CABRAL | INEP: 33049211;(21) 31343729;escola1.romeumenezes@smeduquedecaxias.rj.gov.br;-22.798049;-43.315003;;;Segunda a sexta-feira, das 07h às 21h (Conforme Turno);Equipamento público oficial da Prefeitura Municipal de Duque de Caxias vinculado ao setor de Educação (SMEDC).;LOGRADOURO_CENTRO
rec_esc_164;E M Profª Vilmar Bastos Furtado;Educação (SMEDC);2;Vila Santo Antônio;Rua João Raimundo - SN – Vila Santo Antônio - Pq. Comercial – Duque de Caxias – RJ;25041400;Direção: TATIANA DA SILVA ANJOS | INEP: 33129088;(21) 983699485;escola2.vilmarbastos@smeduquedecaxias.rj.gov.br;-22.738817;-43.323417;;;Segunda a sexta-feira, das 07h às 21h (Conforme Turno);Equipamento público oficial da Prefeitura Municipal de Duque de Caxias vinculado ao setor de Educação (SMEDC).;LOGRADOURO_CENTRO
rec_esc_165;E M Profª Walter Russo de Souza;Educação (SMEDC);2;Chácaras Rio-Petrópolis;Estrada Velha do Pilar - 50 – Chácaras Rio-Petrópolis – Duque de Caxias – RJ;25230610;Direção: CLAUDIA CUNHA DE OLIVEIRA IGNACIO | INEP: 33146888;(21) 976225237;escola2.walterrusso@smeduquedecaxias.rj.gov.br;-22.681035;-43.287806;;;Segunda a sexta-feira, das 07h às 21h (Conforme Turno);Equipamento público oficial da Prefeitura Municipal de Duque de Caxias vinculado ao setor de Educação (SMEDC).;LOGRADOURO_CENTRO
rec_esc_166;E M Profªª Aila Saldanha do Couto;Educação (SMEDC);4;Igreja Velha;Rua Ibitinga - 23/24 – Igreja Velha – Duque de Caxias – RJ;25250310;Direção: RAQUEL BELLIZZI IGNEZ SANTANA | INEP: 33050864;(21) 36584294;escola4.ailasaldanha@smeduquedecaxias.rj.gov.br;-22.602074;-43.309344;;;Segunda a sexta-feira, das 07h às 21h (Conforme Turno);Equipamento público oficial da Prefeitura Municipal de Duque de Caxias vinculado ao setor de Educação (SMEDC).;LOGRADOURO_CENTRO
rec_esc_167;E M Profªª Amélia Câmara dos Santos;Educação (SMEDC);2;Pilar;Rua Cearense - 8 – Pilar – Duque de Caxias – RJ;25233400;Direção: ANDREIA MACHADO PESTANA MAIA | INEP: 33146870;(21) 987587258;escola2.ameliacamara@smeduquedecaxias.rj.gov.br;-22.718914;-43.31556;;;Segunda a sexta-feira, das 07h às 21h (Conforme Turno);Equipamento público oficial da Prefeitura Municipal de Duque de Caxias vinculado ao setor de Educação (SMEDC).;LOGRADOURO_CENTRO
rec_esc_168;E M Profªª Carmem Correa de Carvalho Reis Braz;Educação (SMEDC);3;Imbariê;Av. Coronel Sisson - S/N – Imbariê – Duque de Caxias – RJ;25266000;Direção: BRUNA MEDINA MELO | INEP: 33050694;(21) 2671-6612;escola3.carmemcorrea@smeduquedecaxias.rj.gov.br;-22.64329;-43.220572;;;Segunda a sexta-feira, das 07h às 21h (Conforme Turno);Equipamento público oficial da Prefeitura Municipal de Duque de Caxias vinculado ao setor de Educação (SMEDC).;LOGRADOURO_CENTRO
rec_esc_169;E M Profªª Carmen Lucia Resende Alvin da Silva;Educação (SMEDC);3;Santa Cruz da Serra;Rua Projetada - 3 – Santa Cruz da Serra – Duque de Caxias – RJ;25255220;Direção: PATRICIA PORTELA DE ASSIS | INEP: 33126860;(21) 26758086;escola3.carmenlucia@smeduquedecaxias.rj.gov.br;-22.647617;-43.272826;;;Segunda a sexta-feira, das 07h às 21h (Conforme Turno);Equipamento público oficial da Prefeitura Municipal de Duque de Caxias vinculado ao setor de Educação (SMEDC).;LOGRADOURO_CENTRO
rec_esc_170;E M Profªª Dalva Borges da Cunha;Educação (SMEDC);3;Taquara;Avenida Automóvel Clube - Km 53 – Taquara – Duque de Caxias – RJ;25070180;Direção: REGINA CELIA ALMEIDA DOS SANTOS | INEP: 33158460;(21) 27876189;escola3.dalvaborges@smeduquedecaxias.rj.gov.br;-22.622011;-43.229268;;;Segunda a sexta-feira, das 07h às 21h (Conforme Turno);Equipamento público oficial da Prefeitura Municipal de Duque de Caxias vinculado ao setor de Educação (SMEDC).;LOGRADOURO_CENTRO
rec_esc_171;E M Profªª Dulce Trindade Braga;Educação (SMEDC);3;Jardim Anhangá;Avenida Hélio de Oliveira - s/nº – Jardim Anhangá – Duque de Caxias – RJ;25264350;Direção: KATIA REGINA SANTIAGO | INEP: 33176914;(21) 26782529;escola3.dulcetrindade@smeduquedecaxias.rj.gov.br;-22.650831;-43.231508;;;Segunda a sexta-feira, das 07h às 21h (Conforme Turno);Equipamento público oficial da Prefeitura Municipal de Duque de Caxias vinculado ao setor de Educação (SMEDC).;LOGRADOURO_CENTRO
rec_esc_172;E M Profªª Elisabeth Lopes Cabral;Educação (SMEDC);2;Parque Fluminense;Rua Maurício Maia Ramos - 00 – Parque Fluminense – Duque de Caxias – RJ;25045110;Direção: ALETHEA DE SOUZA FIGUEIREDO | INEP: 33158509;(21) 977254649;escola2.elisabethlopes@smeduquedecaxias.rj.gov.br;-22.726227;-43.317169;;;Segunda a sexta-feira, das 07h às 21h (Conforme Turno);Equipamento público oficial da Prefeitura Municipal de Duque de Caxias vinculado ao setor de Educação (SMEDC).;LOGRADOURO_CENTRO
rec_esc_173;E M Profªª Hilda do Carmo Siqueira;Educação (SMEDC);1;Bar dos Cavaleiros;Rua Campos - 55 – Bar dos Cavaleiros – Duque de Caxias – RJ;25015420;Direção: GRACIANA SERAFIM | INEP: 33049289;(21) 964381109;escola1.hildadocarmo@smeduquedecaxias.rj.gov.br;-22.795634;-43.32621;;;Segunda a sexta-feira, das 07h às 21h (Conforme Turno);Equipamento público oficial da Prefeitura Municipal de Duque de Caxias vinculado ao setor de Educação (SMEDC).;LOGRADOURO_CENTRO
rec_esc_174;E M Profªª Maria Joséé de Oliveira;Educação (SMEDC);1;Parque Lafaiete;Avenida Henrique Valadares - 2316 – Parque Lafaiete – Duque de Caxias – RJ;25010030;Direção: ANGELICA FAGUNDES DE OLIVEIRA | INEP: 33144109;(21) 27826103;escola1.mjoliveira@smeduquedecaxias.rj.gov.br;-22.798662;-43.32305;;;Segunda a sexta-feira, das 07h às 21h (Conforme Turno);Equipamento público oficial da Prefeitura Municipal de Duque de Caxias vinculado ao setor de Educação (SMEDC).;LOGRADOURO_CENTRO
rec_esc_175;E M Profªª Maria das Graças Cardoso Bighi;Educação (SMEDC);2;Saracuruna;Rua Barão do Rio Branco - SN – Saracuruna – Duque de Caxias – RJ;25212665;Direção: VALESCA ABDON DANTAS | INEP: 33153612;(21) 27763314;escola2.mariadasgracas@smeduquedecaxias.rj.gov.br;-22.694316;-43.295404;;;Segunda a sexta-feira, das 07h às 21h (Conforme Turno);Equipamento público oficial da Prefeitura Municipal de Duque de Caxias vinculado ao setor de Educação (SMEDC).;LOGRADOURO_CENTRO
rec_esc_176;E M Profªª Olga Teixeira de Oliveira;Educação (SMEDC);1;Engenho do Porto;Rua MAria Luiza Reis - 155 – Engenho do Porto – Duque de Caxias – RJ;25015045;Direção: JOSE ANDRE ALVES DE CASTRO | INEP: 33049300;(21) 26528422;escola1.olgateixeira@smeduquedecaxias.rj.gov.br;-22.791747;-43.318501;;;Segunda a sexta-feira, das 07h às 21h (Conforme Turno);Equipamento público oficial da Prefeitura Municipal de Duque de Caxias vinculado ao setor de Educação (SMEDC).;LOGRADOURO_CENTRO
rec_esc_177;E M Profªª Sônia Regina Scudese Dessemone Pinto;Educação (SMEDC);2;Pilar;Rua Visconde de Inhaúma - SN – Pilar – Duque de Caxias – RJ;25230180;Direção: MARIA ALESSANDRA BATISTA TARGINO | INEP: 33139768;(21) 2671-6612;escola2.soniascudese@smeduquedecaxias.rj.gov.br;-22.701989;-43.294237;;;Segunda a sexta-feira, das 07h às 21h (Conforme Turno);Equipamento público oficial da Prefeitura Municipal de Duque de Caxias vinculado ao setor de Educação (SMEDC).;LOGRADOURO_CENTRO
rec_esc_178;E M Profªª Zilla Junger da Silva;Educação (SMEDC);1;Senhor do Bonfim;Avenida Winston Churchill - 434 – Senhor do Bonfim – Duque de Caxias – RJ;25025230;Direção: HELENA SILVA VIANA | INEP: 33049319;(21) 26735100;escola1.zillajunger@smeduquedecaxias.rj.gov.br;-22.783026;-43.316262;;;Segunda a sexta-feira, das 07h às 21h (Conforme Turno);Equipamento público oficial da Prefeitura Municipal de Duque de Caxias vinculado ao setor de Educação (SMEDC).;LOGRADOURO_CENTRO
rec_esc_179;E M Regina Celi da Silva Cerdeira;Educação (SMEDC);2;Jardim Primavera;Avenida Perimetral Primavera - 10 – Jardim Primavera – Duque de Caxias – RJ;25215255;Direção: MARIO JUNIOR DA SILVA MARTINS | INEP: 33049130;(21) 977380286;escola2.reginaceli@smeduquedecaxias.rj.gov.br;-22.6847;-43.2724;;;Segunda a sexta-feira, das 07h às 21h (Conforme Turno);Equipamento público oficial da Prefeitura Municipal de Duque de Caxias vinculado ao setor de Educação (SMEDC).;APROXIMADA
rec_esc_180;E M Roberto Weguellin de Abreu;Educação (SMEDC);3;Imbariê;Rua M - 179 – Imbariê – Duque de Caxias – RJ;25271540;Direção: ROBSON RODRIGUES DE CARVALHO | INEP: 33050708;(21) 27755409;escola3.weguelin@smeduquedecaxias.rj.gov.br;-22.669348;-43.299005;;;Segunda a sexta-feira, das 07h às 21h (Conforme Turno);Equipamento público oficial da Prefeitura Municipal de Duque de Caxias vinculado ao setor de Educação (SMEDC).;LOGRADOURO_CENTRO
rec_esc_181;E M Rotary;Educação (SMEDC);3;Santa Cruz da Serra;Rua Alagoas - 12 – Santa Cruz da Serra – Duque de Caxias – RJ;25255070;Direção: ANA ALICE FIDELIS DE OLIVEIRA | INEP: 33050716;(21) 40400278;escola3.rotary@smeduquedecaxias.rj.gov.br;-22.642207;-43.281394;;;Segunda a sexta-feira, das 07h às 21h (Conforme Turno);Equipamento público oficial da Prefeitura Municipal de Duque de Caxias vinculado ao setor de Educação (SMEDC).;LOGRADOURO_CENTRO
rec_esc_182;E M Ruy Barbosa;Educação (SMEDC);1;Gramacho;Avenida Rio Branco - 20 – Gramacho – Duque de Caxias – RJ;25035245;Direção: GEFFERSON MENDES FARIA | INEP: 33049327;(21) 36581760;escola1.ruybarbosa@smeduquedecaxias.rj.gov.br;-22.674202;-43.248072;;;Segunda a sexta-feira, das 07h às 21h (Conforme Turno);Equipamento público oficial da Prefeitura Municipal de Duque de Caxias vinculado ao setor de Educação (SMEDC).;LOGRADOURO_CENTRO
rec_esc_183;E M Santa Luzia;Educação (SMEDC);3;Parque Equitativa;Rua Nossa Senhora da Glória - S/N – Parque A Equitativa – Duque de Caxias – RJ;25260380;Direção: ADRIANA DE CASSIA AVELAR DE SOUZA | INEP: 33050686;(21) 976364179;escola3.santaluzia@smeduquedecaxias.rj.gov.br;-22.635181;-43.265459;;;Segunda a sexta-feira, das 07h às 21h (Conforme Turno);Equipamento público oficial da Prefeitura Municipal de Duque de Caxias vinculado ao setor de Educação (SMEDC).;EXATA_ROOFTOP
rec_esc_184;E M Santa Rita;Educação (SMEDC);4;Mantiquira;Rua Márcio Santos Silva - s/nº – Mantiquira – Duque de Caxias – RJ;25250410;Direção: ELIANI BASILIO DA COSTA | INEP: 33050996;(21) 26795309;escola4.santarita@smeduquedecaxias.rj.gov.br;-22.576896;-43.285549;;;Segunda a sexta-feira, das 07h às 21h (Conforme Turno);Equipamento público oficial da Prefeitura Municipal de Duque de Caxias vinculado ao setor de Educação (SMEDC).;LOGRADOURO_CENTRO
rec_esc_185;E M Santa Terezinha;Educação (SMEDC);1;Parque Lafaiete;Rua David de Oliveira - S/N – Parque Lafaiete – Duque de Caxias – RJ;25015210;Direção: CARLA DOS SANTOS | INEP: 33049254;(21) 39002489;escola1.stterezinha@smeduquedecaxias.rj.gov.br;-22.785319;-43.325058;;;Segunda a sexta-feira, das 07h às 21h (Conforme Turno);Equipamento público oficial da Prefeitura Municipal de Duque de Caxias vinculado ao setor de Educação (SMEDC).;LOGRADOURO_CENTRO
rec_esc_186;E M Santo Agostinho;Educação (SMEDC);4;Mantiquira;Rua Jair Gomes Jardim - S/N – Mantiquira – Duque de Caxias – RJ;25250572;Direção: GABRIELA BILHEIRO ALVES | INEP: 33051003;(21) 37773551;escola4.stagostinho@smeduquedecaxias.rj.gov.br;-22.584262;-43.304783;;;Segunda a sexta-feira, das 07h às 21h (Conforme Turno);Equipamento público oficial da Prefeitura Municipal de Duque de Caxias vinculado ao setor de Educação (SMEDC).;APROXIMADA
rec_esc_187;E M Santo Amaro;Educação (SMEDC);4;Santo Antônio;RUA ANTÔNIO GUEDES - 1999 – SANTO ANTÔNIO – Duque de Caxias – RJ;25253550;Direção: LETICIA FERRAREZ AMORIM DE OLIVEIRA | INEP: 33051011;(21) 977140932;escola4.stamaro@smeduquedecaxias.rj.gov.br;-22.608841;-43.278706;;;Segunda a sexta-feira, das 07h às 21h (Conforme Turno);Equipamento público oficial da Prefeitura Municipal de Duque de Caxias vinculado ao setor de Educação (SMEDC).;LOGRADOURO_CENTRO
rec_esc_188;E M Santo Izidro;Educação (SMEDC);3;Parque Eldorado;Estrada do Cantão - 24 – Parque Eldorado – Duque de Caxias – RJ;25240517;Direção: DEBORA SANTOS FONTES | INEP: 33051020;(21) 2671-6612;escola4.stizidro@smeduquedecaxias.rj.gov.br;-22.615915;-43.313113;;;Segunda a sexta-feira, das 07h às 21h (Conforme Turno);Equipamento público oficial da Prefeitura Municipal de Duque de Caxias vinculado ao setor de Educação (SMEDC).;LOGRADOURO_CENTRO
rec_esc_189;E M Sargento João Délio dos Santos;Educação (SMEDC);4;Fazenda Piranema;Avenida Brasil - 560 – Fazenda Piranema – Duque de Caxias – RJ;25250200;Direção: CRISTINA ALVES DE SOUZA | INEP: 33050988;(21) 27649039;escola4.joaodelio@smeduquedecaxias.rj.gov.br;-22.680907;-43.364277;;;Segunda a sexta-feira, das 07h às 21h (Conforme Turno);Equipamento público oficial da Prefeitura Municipal de Duque de Caxias vinculado ao setor de Educação (SMEDC).;LOGRADOURO_CENTRO
rec_esc_190;E M Senador Afonso Arinos;Educação (SMEDC);3;Nova Campinas;Avenida A - SN – Nova Campinas – Duque de Caxias – RJ;25268010;Direção: LUZIA DE SOUZA SILVA | INEP: 33050724;(21) 39000825;escola3.afonsoarinos@smeduquedecaxias.rj.gov.br;-22.641555;-43.253618;;;Segunda a sexta-feira, das 07h às 21h (Conforme Turno);Equipamento público oficial da Prefeitura Municipal de Duque de Caxias vinculado ao setor de Educação (SMEDC).;LOGRADOURO_CENTRO
rec_esc_191;E M Senor Abravanel Silvio Santos;Educação (SMEDC);1;Jardim Leal;Rua Jotão - s/n – Jardim Leal – Duque de Caxias – RJ;25035500;Direção: RAFAEL ELLER DE ARAUJO | INEP: 33202354;(21) 2671-6612;esola1.silviosantos@smeduquedecaxias.rj.gov.br;-22.721119;-43.317393;;;Segunda a sexta-feira, das 07h às 21h (Conforme Turno);Equipamento público oficial da Prefeitura Municipal de Duque de Caxias vinculado ao setor de Educação (SMEDC).;LOGRADOURO_CENTRO
rec_esc_192;E M Sergipe;Educação (SMEDC);1;Doutor Laureano;Rua Laurindo Rabelo - 927 – Doutor Laureano – Duque de Caxias – RJ;25060198;Direção: SILNEIA ARAUJO DE LIMA MORAES | INEP: 33049335;(21) 27822617;escola1.sergipe@smeduquedecaxias.rj.gov.br;-22.76672;-43.29764;;;Segunda a sexta-feira, das 07h às 21h (Conforme Turno);Equipamento público oficial da Prefeitura Municipal de Duque de Caxias vinculado ao setor de Educação (SMEDC).;APROXIMADA
rec_esc_193;E M Sete de Setembro;Educação (SMEDC);2;Conjunto Nova Esperança;Rua F - S/N – Conjunto Nova Esperança - São Bento – Duque de Caxias – RJ;25045080;Direção: ELIZABETH SIQUEIRA DA CUNHA | INEP: 33050066;(21) 982646139;escola2.setedesetembro@smeduquedecaxias.rj.gov.br;-22.689151;-43.350928;;;Segunda a sexta-feira, das 07h às 21h (Conforme Turno);Equipamento público oficial da Prefeitura Municipal de Duque de Caxias vinculado ao setor de Educação (SMEDC).;LOGRADOURO_CENTRO
rec_esc_194;E M Solano Trindade;Educação (SMEDC);2;Pilar;Rua da Felicidade - 3 – Pilar – Duque de Caxias – RJ;25230140;Direção: LIVIA MELO DE SOUZA | INEP: 33050295;(21) 977489019;escola2.solanotrindade@smeduquedecaxias.rj.gov.br;-22.665081;-43.293301;;;Segunda a sexta-feira, das 07h às 21h (Conforme Turno);Equipamento público oficial da Prefeitura Municipal de Duque de Caxias vinculado ao setor de Educação (SMEDC).;LOGRADOURO_CENTRO
rec_esc_195;E M Todos os Santos;Educação (SMEDC);1;Engenho do Porto;Rua Expedicionário Aquino de Araújo - S/N – Engenho do Porto – Duque de Caxias – RJ;25015100;Direção: NILCIDEIA FERREIRA DANTAS DA SILVA | INEP: 33049343;(21) 36572352;escola1.todosossantos@smeduquedecaxias.rj.gov.br;-22.792963;-43.319512;;;Segunda a sexta-feira, das 07h às 21h (Conforme Turno);Equipamento público oficial da Prefeitura Municipal de Duque de Caxias vinculado ao setor de Educação (SMEDC).;LOGRADOURO_CENTRO
rec_esc_196;E M Ulysses Silveira Guimarães;Educação (SMEDC);3;Santa Lúcia;Rua Almirante Cochrane - S/N – Santa Lucia - Imbariê – Duque de Caxias – RJ;25265232;Direção: ANDREA BOLORINI JARA | INEP: 33201668;(21) 972352360;ESCOLA3.ULYSSESGUIMARAES@SMEDUQUEDECAXIAS.RJ.GOV.BR;-22.653504;-43.227885;;;Segunda a sexta-feira, das 07h às 21h (Conforme Turno);Equipamento público oficial da Prefeitura Municipal de Duque de Caxias vinculado ao setor de Educação (SMEDC).;LOGRADOURO_CENTRO
rec_esc_197;E M Vila Operária;Educação (SMEDC);1;Vila Operária;Rua Badjer da Silveira - 9 – Vila Operária – Duque de Caxias – RJ;25080520;Direção: SUYAN TRINDADE MACHADO | INEP: 33049351;(21) 36571563;escola1.vilaoperaria@smeduquedecaxias.rj.gov.br;-22.789023;-43.298645;;;Segunda a sexta-feira, das 07h às 21h (Conforme Turno);Equipamento público oficial da Prefeitura Municipal de Duque de Caxias vinculado ao setor de Educação (SMEDC).;APROXIMADA
rec_esc_198;E M Vinte e um de Abril;Educação (SMEDC);1;Vila São Luís;Rua Vinte e Um de Abril - 250 – Vila São Luiz – Duque de Caxias – RJ;25065155;Direção: CRISTIANE BARRETO DE CARVALHO | INEP: 33049360;(21) 26716680;escola1.21deabril@smeduquedecaxias.rj.gov.br;-22.630984;-43.262042;;;Segunda a sexta-feira, das 07h às 21h (Conforme Turno);Equipamento público oficial da Prefeitura Municipal de Duque de Caxias vinculado ao setor de Educação (SMEDC).;LOGRADOURO_CENTRO
rec_esc_199;E M Visconde de Itaboraí;Educação (SMEDC);1;Bar dos Cavaleiros;Avenida Nilo Peçanha - 2279 – Bar dos Cavaleiros – Duque de Caxias – RJ;25015001;Direção: GILMARA SILVA DE ALMEIDA DE CAMPOS | INEP: 33049378;(21) 26534143;escola1.itaborai@smeduquedecaxias.rj.gov.br;-22.786866;-43.311997;;;Segunda a sexta-feira, das 07h às 21h (Conforme Turno);Equipamento público oficial da Prefeitura Municipal de Duque de Caxias vinculado ao setor de Educação (SMEDC).;LOGRADOURO_CENTRO
rec_esc_200;E M Waldemar Zveiter;Educação (SMEDC);2;Jardim Balneário Ana Clara;Praça Projetada - s/n – Jardim Balneário Ana Clara – Duque de Caxias – RJ;25221124;Direção: FATIMA LUIZA FIDELIS CABRAL | INEP: 33202613;(21) 2671-6612;escola2.waldemarzveiter@smeduquedecaxias.rj.gov.br;-22.647617;-43.272826;;;Segunda a sexta-feira, das 07h às 21h (Conforme Turno);Equipamento público oficial da Prefeitura Municipal de Duque de Caxias vinculado ao setor de Educação (SMEDC).;LOGRADOURO_CENTRO
rec_esc_201;E M Wanda Gomes Soares;Educação (SMEDC);2;Jardim Primavera;Av. Visconde de Itaúna - 61 – Jardim Primavera – Duque de Caxias – RJ;25214415;Direção: LUCIANA JARDIM CASTRO | INEP: 33135223;(21) 39622235;escola2.wandagomes@smeduquedecaxias.rj.gov.br;-22.68692;-43.259952;;;Segunda a sexta-feira, das 07h às 21h (Conforme Turno);Equipamento público oficial da Prefeitura Municipal de Duque de Caxias vinculado ao setor de Educação (SMEDC).;LOGRADOURO_CENTRO
rec_esc_202;E M Wilson de Oliveira Simões;Educação (SMEDC);1;Copacabana;Rua Prefeito Braulino Matos Reis - 1410 – Copacabana – Duque de Caxias – RJ;25060440;Direção: FERNANDA MONTEIRO DE MELLO | INEP: 33153620;(21) 26723450;escola1.wilsondeoliveira@smeduquedecaxias.rj.gov.br;-22.759615;-43.298027;;;Segunda a sexta-feira, das 07h às 21h (Conforme Turno);Equipamento público oficial da Prefeitura Municipal de Duque de Caxias vinculado ao setor de Educação (SMEDC).;APROXIMADA
rec_esc_203;E M Ziraldo Alves Pinto;Educação (SMEDC);3;Parque Paulista;Avenida 31 de Março - SN – Parque Paulista – Duque de Caxias – RJ;25261000;Direção: FABIANA SANT ANNA DE SOUSA | INEP: 33199183;(21) 965954092;escola3.ziraldo@smeduquedecaxias.rj.gov.br;-22.657946;-43.254319;;;Segunda a sexta-feira, das 07h às 21h (Conforme Turno);Equipamento público oficial da Prefeitura Municipal de Duque de Caxias vinculado ao setor de Educação (SMEDC).;LOGRADOURO_CENTRO
rec_esc_204;Escola de Transição;Educação (SMEDC);1;Jardim Vinte e Cinco de Agosto;Rua Prefeito José Carlos Lacerda- SME - 1424 – Jardim Vinte e Cinco de Agosto – Duque de Caxias – RJ;25071120;INEP: 8888;(21) 2671-6612;assessoriadecomunicacao@smeduquedecaxias.rj.gov.br;-22.789508;-43.308527;;;Segunda a sexta-feira, das 07h às 21h (Conforme Turno);Equipamento público oficial da Prefeitura Municipal de Duque de Caxias vinculado ao setor de Educação (SMEDC).;LOGRADOURO_CENTRO
rec_esc_205;Pré-Escola Municipal Laura Menezes de Freitas Lima;Educação (SMEDC);1;Jardim Vinte e Cinco de Agosto;Rua Mariz e Barros - 205 – Jardim Vinte e Cinco de Agosto – Duque de Caxias – RJ;25071051;Direção: TATIANE CHAGAS LEMOS | INEP: 33048614;(21) 26536465;creche1.lauramenezes@smeduquedecaxias.rj.gov.br;-22.7896;-43.3;;;Segunda a sexta-feira, das 07h às 21h (Conforme Turno);Equipamento público oficial da Prefeitura Municipal de Duque de Caxias vinculado ao setor de Educação (SMEDC).;APROXIMADA
rec_406;Central do Cadastro Único (CadÚnico / Bolsa Família);Assistência Social (SEASDIH);1;25 de Agosto;Av. Brigadeiro Lima e Silva, 1.618 – 25 de Agosto – Duque de Caxias – RJ – CEP 25.071-182;25.071-182;Sede SMASDH;(21) 2672-6659;gabinete.seasdih@duquedecaxias.rj.gov.br;-22.800578;-43.292434;hub_12;Polo Cívico e Histórico da 25 de Agosto;Segunda a sexta-feira, das 09h às 17h;Inscrição e atualização no Cadastro Único, Programa Bolsa Família, Tarifa Social, BPC;EXATA_ROOFTOP
rec_407;Subsecretaria de Direitos Humanos;Assistência Social (SEASDIH);1;25 de Agosto;Av. Brigadeiro Lima e Silva, 1.618 – 25 de Agosto – Duque de Caxias – RJ – CEP 25.071-182;25.071-182;Sede SMASDH;(21) 2672-6650;direitoshumanos@duquedecaxias.rj.gov.br;-22.800578;-43.292434;hub_12;Polo Cívico e Histórico da 25 de Agosto;Segunda a sexta-feira, das 09h às 17h;Políticas de Direitos Humanos, Igualdade Racial, Defesa da Mulher e Minorias;EXATA_ROOFTOP
rec_408;Central de Merenda e Logística Escolar (SMEDC);Educação (SMEDC);2;Jardim Primavera;Avenida Primavera, 78 – Jardim Primavera – Duque de Caxias – RJ – CEP 25.215-255;25.215-255;;(21) 2772-7200;merenda@smeduquedecaxias.rj.gov.br;-22.689412;-43.26346;hub_1;Centro Cívico / Paço Municipal (Prefeitura);Segunda a sexta-feira, das 07h às 21h (Conforme Turno);Armazenamento, controle nutricional e distribuição da merenda escolar da rede municipal;EXATA_ROOFTOP
rec_409;Coordenação Pedagógica e Matrículas (SMEDC);Educação (SMEDC);1;25 de Agosto;Rua Prefeito José Carlos Lacerda, 1.424 – 25 de Agosto – Duque de Caxias – RJ – CEP 25.071-120;25.071-120;Sede Central SMEDC;(21) 2671-6612;assessoriadecomunicacao@smeduquedecaxias.rj.gov.br;-22.787632;-43.309069;hub_12;Polo Cívico e Histórico da 25 de Agosto;Segunda a sexta-feira, das 07h às 21h (Conforme Turno);Gestão da rede de ensino, matrícula escolar e diretrizes curriculares;EXATA_ROOFTOP
rec_410;Comissão de Seleção e PSS Educação (SMEDC);Educação (SMEDC);1;25 de Agosto;Rua Prefeito José Carlos Lacerda, 1.424 – 25 de Agosto – Duque de Caxias – RJ – CEP 25.071-120;25.071-120;Sede Central SMEDC;(21) 2671-6612;assessoriagabinete@smeduquedecaxias.rj.gov.br;-22.787632;-43.309069;hub_12;Polo Cívico e Histórico da 25 de Agosto;Segunda a sexta-feira, das 07h às 21h (Conforme Turno);Processos seletivos simplificados e convocações da Secretaria de Educação;EXATA_ROOFTOP
rec_411;Defesa Civil — Base Avançada 2º Distrito (Campos Elíseos);Segurança, Subprefeituras e Cultura;2;Campos Elíseos;Av. Actura, s/n – Campos Elíseos – Duque de Caxias – RJ;25225-015;;199 / (21) 2699-4207;defesacivil@duquedecaxias.rj.gov.br;-22.70587;-43.272679;;;Segunda a sexta-feira, das 09h às 17h;Monitoramento hidrológico, resposta rápida a alagamentos e emergências do 2º Distrito;LOGRADOURO_CENTRO
rec_412;Defesa Civil — Base Avançada 3º Distrito (Imbariê);Segurança, Subprefeituras e Cultura;3;Imbariê;Av. Automóvel Clube, s/n – Imbariê – Duque de Caxias – RJ;25266-000;;199 / (21) 2699-4207;defesacivil@duquedecaxias.rj.gov.br;-22.622034;-43.229148;;;Segunda a sexta-feira, das 09h às 17h;Apoio operacional, vistorias técnicas e alerta de enchentes no 3º Distrito;LOGRADOURO_CENTRO
rec_413;Defesa Civil — Base Avançada 4º Distrito (Xerém);Segurança, Subprefeituras e Cultura;4;Xerém;Estrada Rio D'Ouro, s/n – Xerém – Duque de Caxias – RJ;25272-000;;199 / (21) 2699-4207;defesacivil@duquedecaxias.rj.gov.br;-22.681242;-43.363643;;;Segunda a sexta-feira, das 09h às 17h;Monitoramento geológico de encostas, deslizamentos e contingência da Serra de Petrópolis;LOGRADOURO_CENTRO
rec_414;Polo Operacional SMOAG Centro (1º Distrito);Segurança, Subprefeituras e Cultura;1;Centenário;Rua Dr. Manoel Reis, s/n – Centenário – Duque de Caxias – RJ;25030-240;;(21) 2772-7200;obraspmdc@gmail.com;-22.778515;-43.318104;;;Segunda a sexta-feira, das 09h às 17h;Equipes de obras, drenagem pluvial, pavimentação e iluminação no 1º Distrito;LOGRADOURO_CENTRO
rec_415;Polo Operacional SMOAG Campos Elíseos (2º Distrito);Segurança, Subprefeituras e Cultura;2;Campos Elíseos;Av. Actura, s/n – Campos Elíseos – Duque de Caxias – RJ;25225-015;;(21) 2772-7200;obraspmdc@gmail.com;-22.70587;-43.272679;;;Segunda a sexta-feira, das 09h às 17h;Manutenção viária, desobstrução de canais e serviços urbanos no 2º Distrito;LOGRADOURO_CENTRO
rec_416;Polo Operacional SMOAG Imbariê (3º Distrito);Segurança, Subprefeituras e Cultura;3;Imbariê;Av. Automóvel Clube, s/n – Imbariê – Duque de Caxias – RJ;25266-000;;(21) 2772-7200;obraspmdc@gmail.com;-22.622034;-43.229148;;;Segunda a sexta-feira, das 09h às 17h;Operação de maquinário pesado, terraplanagem e conservação de vias no 3º Distrito;LOGRADOURO_CENTRO
rec_417;Polo Operacional SMOAG Xerém (4º Distrito);Segurança, Subprefeituras e Cultura;4;Xerém;Estrada Rio D'Ouro, s/n – Xerém – Duque de Caxias – RJ;25272-000;;(21) 2679-1837;obraspmdc@gmail.com;-22.681242;-43.363643;;;Segunda a sexta-feira, das 09h às 17h;Contenção de encostas, dragagem de rios e conservação viária no 4º Distrito;LOGRADOURO_CENTRO
rec_418;Usina de Asfalto Municipal (SMOAG);Segurança, Subprefeituras e Cultura;2;Jardim Primavera;Rodovia Washington Luiz, km 112 – Jardim Primavera – Duque de Caxias – RJ;25215-260;;(21) 2773-5500;obraspmdc@gmail.com;-22.68504;-43.2851;;;Segunda a sexta-feira, das 09h às 17h;Produção contínua de massa asfáltica e recapeamento da malha viária municipal;LOGRADOURO_CENTRO
rec_419;Posto Avançado SINE — Shopping Center Caxias;Segurança, Subprefeituras e Cultura;1;Centro;Rua Mariano Sendra dos Santos, s/n – Centro – Duque de Caxias – RJ – CEP 25.010-080;25.010-080;;(21) 2672-7200;smter.gabinete@duquedecaxias.rj.gov.br;-22.790139;-43.310641;;;Segunda a sexta-feira, das 09h às 17h;Intermediação pública de mão de obra, emissão de CTPS digital e balcão de empregos;EXATA_ROOFTOP
rec_420;Polo de Qualificação Profissional Santa Cruz (SMTER);Segurança, Subprefeituras e Cultura;3;Santa Cruz da Serra;Av. Automóvel Clube, s/n – Santa Cruz da Serra – Duque de Caxias – RJ – CEP 25.260-000;25.260-000;;(21) 2772-7200;smter.gabinete@duquedecaxias.rj.gov.br;-22.623177;-43.217807;;;Segunda a sexta-feira, das 09h às 17h;Cursos gratuitos de capacitação profissional e inscrições para vagas de trabalho;EXATA_ROOFTOP
rec_421;Base do Castramóvel Municipal (SMPA);Segurança, Subprefeituras e Cultura;1;Itinerante (Todos os Distritos);Unidade Móvel Distrital – Duque de Caxias – RJ;25000-000;;(21) 2773-5500;smpa@duquedecaxias.rj.gov.br;-22.634354;-43.348988;;;Segunda a sexta-feira, das 09h às 17h;Castrações gratuitas itinerantes de cães e gatos em comunidades e praças públicas;APROXIMADA
rec_422;Abrigo Primeiro Olhar;Assistência Social (SEASDIH);2;Jardim Primavera;Av. Perimetral Tarce Menezes Freitas Lima, 19 – Jardim Primavera – Duque de Caxias – RJ – CEP 25.215-000;25215-000;;(21) 2773-5500;gabinete.seasdih@duquedecaxias.rj.gov.br;-22.783683;-43.306325;;;Atendimento 24h;Acolhimento protetivo e temporário de crianças sob tutela e determinação judicial.;EXATA_ROOFTOP
rec_423;Casa de Passagem Municipal;Assistência Social (SEASDIH);1;Centenário;Rua Manoel Vieira, S/N – Centenário;25030-100;;(21) 3673-3260;gabinete.seasdih@duquedecaxias.rj.gov.br;-22.779429;-43.312669;hub_7;Polo de Assistência Social do Centenário;Segunda a sexta-feira, das 8h às 17h;Unidade protetiva de acolhimento emergencial temporário para pessoas em trânsito e vulnerabilidade extrema em Duque de Caxias.;LOGRADOURO_CENTRO
rec_424;Casa Social Renascer;Assistência Social (SEASDIH);1;Centro;Rua Cel. João Teles, 43 – Centro;25010-170;;(21) 2676-9600;gabinete.seasdih@duquedecaxias.rj.gov.br;-22.78167;-43.309252;;;Segunda a sexta-feira, das 8h às 17h;Atuação na rede de proteção de alta complexidade para inserção cidadã de pessoas sob vulnerabilidade severa.;EXATA_ROOFTOP
rec_425;Casa Social Reviver;Assistência Social (SEASDIH);1;Centro;Rua Manoel Teles, 700 – Centro – Duque de Caxias – RJ – CEP 25.010-180;25010-090;;(21) 2671-8055;gabinete.seasdih@duquedecaxias.rj.gov.br;-22.794204;-43.316988;;;Segunda a sexta-feira, das 8h às 17h;Acolhimento e suporte psicossocial focado na reabilitação e reinserção social de cidadãos em extrema vulnerabilidade.;EXATA_ROOFTOP
rec_426;Casa Comunitária 25 de Agosto;Assistência Social (SEASDIH);1;25 de Agosto;Rua Conde de Porto Alegre, 599 – 25 de Agosto – Duque de Caxias – RJ – CEP 25.070-350;25070-350;;(21) 2783-1306;gabinete.seasdih@duquedecaxias.rj.gov.br;-22.784725;-43.307082;;;Segunda a sexta-feira, das 8h às 17h;Espaço integrador comunitário focado em articular grupos sociais e cidadania no bairro 25 de Agosto.;EXATA_ROOFTOP
rec_427;Centro POP — Unidade Figueira;Assistência Social (SEASDIH);2;Figueira;Estrada Velha do Pilar, S/N – Figueira;25230-000;;(21) 2771-0976;centropop@duquedecaxias.rj.gov.br;-22.681035;-43.287806;;;Segunda a sexta-feira, das 8h às 17h;Atendimento especializado e continuado a pessoas em situação de rua com equipe multidisciplinar.;LOGRADOURO_CENTRO
rec_428;CMDCA — Conselho Municipal dos Direitos da Criança e do Adolescente;Assistência Social (SEASDIH);1;Centenário;Rua Manoel Vieira, S/N – Centenário;25030-100;Complexo de Assistência Social;(21) 3652-5461;cmdca@duquedecaxias.rj.gov.br;-22.779429;-43.312669;hub_7;Polo de Assistência Social do Centenário;Segunda a sexta-feira, das 9h às 17h;Órgão deliberativo e controlador das ações de defesa dos direitos de crianças e jovens em Duque de Caxias.;LOGRADOURO_CENTRO
rec_429;COMDEPI — Conselho Municipal de Defesa dos Direitos da Pessoa Idosa;Assistência Social (SEASDIH);1;Centenário;Rua Manoel Vieira, S/N – Centenário;25030-100;Complexo de Assistência Social;(21) 2672-6650;conselhoidoso@duquedecaxias.rj.gov.br;-22.779429;-43.312669;hub_7;Polo de Assistência Social do Centenário;Segunda a sexta-feira, das 9h às 17h;Conselho paritário dedicado à proteção e promoção dos direitos da população idosa do município.;LOGRADOURO_CENTRO
rec_430;COMDIM — Conselho Municipal dos Direitos da Mulher;Assistência Social (SEASDIH);1;Centenário;Rua Manoel Vieira, S/N – Centenário;25030-100;Complexo de Assistência Social;(21) 2672-6650;conselhomulher@duquedecaxias.rj.gov.br;-22.779429;-43.312669;hub_7;Polo de Assistência Social do Centenário;Segunda a sexta-feira, das 9h às 17h;Instância de articulação e defesa dos direitos das mulheres caxienses.;LOGRADOURO_CENTRO
rec_431;DEDAF — Departamento de Defesa dos Direitos da Mulher e da Família;Assistência Social (SEASDIH);1;Centro;Rua Frei Fidélis, 709 – Centro – Duque de Caxias – RJ – CEP 25.010-150;25010-150;;(21) 2672-6650;direitoshumanos@duquedecaxias.rj.gov.br;-22.794895;-43.308878;;;Segunda a sexta-feira, das 9h às 17h;Departamento vinculado à Subsecretaria de Direitos Humanos focado na estrutura familiar e apoio à mulher.;EXATA_ROOFTOP
rec_432;DEMPPIRD — Depto. de Promoção da Igualdade Racial e Direitos LGBT;Assistência Social (SEASDIH);1;Centro;Rua Frei Fidélis, 709 – Centro – Duque de Caxias – RJ – CEP 25.010-150;25.010-150;;(21) 2672-6650;direitoshumanos@duquedecaxias.rj.gov.br;-22.794895;-43.308878;;;Segunda a sexta-feira, das 9h às 17h;Órgão de execução das políticas municipais antidiscriminação racial e diversidade sexual.;EXATA_ROOFTOP
rec_433;Equinovida — Centro Municipal de Equoterapia;Assistência Social (SEASDIH);2;Jardim Primavera;Rua Maurício Santos Silva, 2846 – Jardim Primavera – Duque de Caxias – RJ – CEP 25.215-400;25215-170;;(21) 3653-6731;equinovida@duquedecaxias.rj.gov.br;-22.572242;-43.287836;;;Segunda a sexta-feira, das 8h às 17h;Centro de referência em tratamento terapêutico de crianças e jovens com deficiência ou TEA por equoterapia.;EXATA_ROOFTOP
rec_434;Getsêmani — Centro Comunitário de Acolhimento;Assistência Social (SEASDIH);3;Capivari;Rua Marquês de Barcena, 88 – Capivari – Duque de Caxias – RJ – CEP 25.220-100;25243-150;;(21) 2773-9777;gabinete.seasdih@duquedecaxias.rj.gov.br;-22.64749;-43.326803;;;Segunda a sexta-feira, das 8h às 17h;Equipamento de suporte social integrado à rede do 2º Distrito.;EXATA_ROOFTOP
rec_435;Posto de Identificação Civil DETRAN — Imbariê;Segurança, Subprefeituras e Cultura;3;Imbariê;Rua Ipameri, S/N;25265-000;Subprefeitura / Polo de Serviços;(21) 3460-4040;detran@duquedecaxias.rj.gov.br;-22.640168;-43.221772;;;Segunda a sexta-feira, das 8h às 17h;Posto avançado de atendimento do DETRAN RJ em Imbariê para serviços de identificação civil descentralizados.;LOGRADOURO_CENTRO
rec_436;Posto de Identificação Civil DETRAN — Saracuruna;Segurança, Subprefeituras e Cultura;2;Saracuruna;Rua Nascimento e Silva, 4, Lt 15;25212-320;;(21) 3460-4040;detran@duquedecaxias.rj.gov.br;-22.676253;-43.25035;;;Segunda a sexta-feira, das 8h às 17h;Posto de atendimento descentralizado do DETRAN RJ em Saracuruna para atendimento e suporte à cidadania local.;EXATA_ROOFTOP
rec_437;UBS Centro — Unidade Básica de Saúde;Saúde Básica (APS / USF / UBS);1;Centro;Rua Conde de Porto Alegre, 123 – Centro – Duque de Caxias – RJ – CEP 25.070-350;25070-000;;(21) 2772-7200;smsdc@duquedecaxias.rj.gov.br;-22.787202;-43.308389;;;08:00 às 17:00;Unidade Básica de Saúde da Atenção Primária para atendimento comunitário na região central.;EXATA_ROOFTOP
rec_443;Central de Atendimento Funerário (CAF);Secretarias e Órgãos;2;Jardim Primavera;Alameda Esmeralda, 206 – Sala 49 – Jardim Primavera;25215-260;Sala 49;(21) 2772-7200;caf@duquedecaxias.rj.gov.br;-22.685413;-43.28418;hub_1;Centro Cívico / Paço Municipal (Prefeitura);Segunda a Sexta, 08:00 às 17:00 (Plantão de Óbito);Central responsável pelo atendimento à população em serviços funerários, concessão de gratuidade de sepultamento a famílias de baixa renda e regulação dos cemitérios municipais.;EXATA_ROOFTOP
rec_444;CMPD — Conselho Municipal de Defesa dos Direitos da Pessoa com Deficiência;Assistência Social (SEASDIH);1;Centenário;Rua Manoel Vieira, s/nº – Centenário;25030-220;Complexo Centenário;(21) 2672-6650;cmpd@duquedecaxias.rj.gov.br;-22.779429;-43.312669;hub_11;Complexo de Assistência Social do Centenário;Segunda a sexta-feira, das 8h às 17h;Órgão colegiado de controle social e deliberação das políticas públicas municipais voltadas à garantia de acessibilidade, inclusão e direitos das pessoas com deficiência.;LOGRADOURO_CENTRO
rec_445;V Conselho Tutelar (Sede Itatiaia);Assistência Social (SEASDIH);1;Itatiaia;Rua Coronel França Soares, 176 – Itatiaia;25075-010;Sede V Conselho;(21) 2652-4993;conselhotutelar5@duquedecaxias.rj.gov.br;-22.778749;-43.306775;;;Segunda a sexta-feira, das 8h às 17h (Plantão 24h);Unidade protetiva do Conselho Tutelar encarregada de resguardar o Estatuto da Criança e do Adolescente (ECA) no bairro Itatiaia e arredores.;EXATA_ROOFTOP
rec_446;VI Conselho Tutelar (Sede São Bento);Assistência Social (SEASDIH);2;São Bento;Av. Leonel de Moura Brizola, s/nº – São Bento;25050-009;Sede VI Conselho;(21) 3134-2044;conselhotutelar6@duquedecaxias.rj.gov.br;-22.800298;-43.305318;hub_10;Campus Integrado Educacional São Bento (Antiga FEUDUC);Segunda a sexta-feira, das 8h às 17h (Plantão 24h);Garante o cumprimento dos direitos da infância e da juventude sob regência do ECA na região territorial de São Bento e bairros adjacentes.;LOGRADOURO_CENTRO
rec_447;Centro de Cidadania LGBT / DEMPPIRD;Assistência Social (SEASDIH);1;Centro;Rua Frei Fidélis, 709 – Centro;25010-150;Polo Cidadania;(21) 2672-6650;demppird@duquedecaxias.rj.gov.br;-22.794895;-43.308878;;;Segunda a sexta-feira, das 9h às 17h;Departamento de Promoção de Políticas de Promoção da Igualdade Racial e Direitos Individuais e Coletivos (DEMPPIRD) e Centro de Cidadania LGBT.;EXATA_ROOFTOP
rec_448;Serviço Residencial Terapêutico Jardim Anhangá (SRT);Saúde Especializada / Hospitalar;3;Jardim Anhangá;Rua Pacoti, 450 – Jardim Anhangá;25260-120;;(21) 2773-5500;saude@duquedecaxias.rj.gov.br;-22.647204;-43.230992;;;Atendimento Residencial Contínuo 24h;Moradia assistida para pessoas com sofrimento mental desinstitucionalizadas, com acompanhamento multiprofissional contínuo da Rede de Atenção Psicossocial (RAPS).;EXATA_ROOFTOP
rec_449;Serviço Residencial Terapêutico Parque Lafaiete (SRT);Saúde Especializada / Hospitalar;1;Parque Lafaiete;Rua Araruama, 353 – Parque Lafaiete;25015-180;;(21) 2773-5500;saude@duquedecaxias.rj.gov.br;-22.791383;-43.326408;;;Atendimento Residencial Contínuo 24h;Unidade residencial terapêutica da RAPS voltada ao processo de reabilitação psicossocial e reinserção comunitária.;EXATA_ROOFTOP
